Restaurant Name,Revenue,Orders,Weighted_Rating,Last_Order,City,State,Revenue_Share,Recency_Days,Rev_N,Rating_N,Orders_N,Recency_N,Health_Score,Health_Tier
KFC,4246951.7,12961,4.314838703986698,2025-08-31,Bengaluru,Karnataka,8.011226102810195,1,1.0000000000000002,0.6688196470531449,0.957942198240816,1.0,89.22343337641068,Champion
McDonald's,3343094.58,13530,4.44435474207951,2025-08-31,Bengaluru,Karnataka,6.30623761590208,1,0.7871690747716704,0.747272407757813,0.9999999999999999,1.0,83.9049352236012,Champion
Burger King,1900817.09,7116,4.3567286645487515,2025-08-31,Bengaluru,Karnataka,3.5856012885844017,1,0.4475564901712494,0.6941939798407777,0.525907310222485,1.0,59.24622520652301,Healthy
Pizza Hut,2133265.69,6529,4.194542742207381,2025-08-31,Bengaluru,Karnataka,4.024080090187368,1,0.5022910820789059,0.5959518351421007,0.4825190331879665,1.0,57.620579001178584,Healthy
Domino's Pizza,1834022.32,5492,4.3797429274941075,2025-08-31,Bengaluru,Karnataka,3.4596031509189316,1,0.43182834864871156,0.7081345889748563,0.40586887427008644,1.0,56.634549100595876,Healthy
Baskin Robbins - Ice Cream Desserts,860591.94,4197,4.597107829215185,2025-08-31,Bengaluru,Karnataka,1.6233753290851094,1,0.2026150318130102,0.8398007275583819,0.31014856973907895,1.0,49.50159449405345,At Risk
LunchBox - Meals and Thalis,1101141.0,4700,4.38178570415946,2025-08-31,Bengaluru,Karnataka,2.0771344119770703,1,0.2592570362512835,0.709371976029463,0.34732796215536993,1.0,48.59799997404263,At Risk
Olio - The Wood Fired Pizzeria,1236369.0,3241,4.26170891903505,2025-08-31,Bengaluru,Karnataka,2.332221391994012,1,0.29109912690912615,0.636636927704402,0.239485549560204,1.0,45.532783898701176,At Risk
"Faasos - Wraps, Rolls & Shawarma",780215.0,3256,4.34071115691832,2025-08-31,Bengaluru,Karnataka,1.4717565009755245,1,0.1836887013912042,0.6844915699174989,0.24059427895631605,1.0,42.69418073229944,At Risk
The Good Bowl,673343.0,2665,4.40314844529251,2025-08-31,Bengaluru,Karnataka,1.2701587865349457,1,0.1585235883023102,0.7223121959650509,0.19691034074950106,1.0,41.94851622603395,At Risk
NIC Ice Creams,294305.18,1229,4.649339098882812,2025-08-31,Bengaluru,Karnataka,0.5551617976272847,1,0.06927168317030317,0.8714391822306817,0.09076797989504028,1.0,40.729402391633386,At Risk
Sakana,46010.0,95,4.861577490774907,2025-08-30,Panaji,Goa,0.0867908417678254,2,0.010805702519362848,1.0,0.006948037548968881,0.9947368421052631,40.51855727280652,At Risk
Labonel Fine Baking,272780.0,154,4.694382022471911,2025-08-30,Hyderabad,Telangana,0.5145578312850991,2,0.06420315643777455,0.8987233839234627,0.011309039840342967,0.9947368421052631,39.70337699307435,At Risk
Theobroma,437841.0,944,4.526727826652518,2025-08-31,Bengaluru,Karnataka,0.825920211920592,1,0.1030700133466556,0.7971688992477746,0.06970212136891121,1.0,39.43190993867768,At Risk
Grameen Kulfi,59046.65,408,4.756198867212083,2025-08-31,Bengaluru,Karnataka,0.1113824920032638,1,0.013875438011824205,0.9361681838056444,0.030083524281173772,1.0,39.241733520265775,At Risk
Tossin Pizza,78308.0,158,4.763448275862069,2025-08-31,Gurgaon,Haryana,0.1477160886145375,1,0.0184109014727379,0.9405594246932023,0.011604701012639515,1.0,39.18531281995838,At Risk
Kanti Sweets,194499.95,994,4.632780807565215,2025-08-31,Bengaluru,Karnataka,0.36689446607911214,1,0.045770579983190764,0.8614091991834338,0.07339788602261807,1.0,39.14105689528301,At Risk
Vijay Dairy,8625.0,52,4.805935251798561,2025-08-27,Chandigarh,Punjab,0.01626974593017809,5,0.002002669425303574,0.966295392263659,0.003769679946780989,0.9789473684210527,38.933835828068055,At Risk
Minus 30,13533.98,66,4.779774489076815,2025-08-30,Kolkata,West Bengal,0.0255297873651144,2,0.0031585852578052487,0.9504488292597015,0.004804494049818907,0.9947368421052631,38.683266590152265,At Risk
Cheesecake & co.,252293.0,420,4.623341346153846,2025-08-31,Bengaluru,Karnataka,0.4759122330391213,1,0.05937908959283694,0.8556913605420418,0.030970507798063415,1.0,38.66531455593601,At Risk
Cheesecake & Co.,201056.0,351,4.653614074192008,2025-08-31,New Delhi,Delhi,0.3792614536507694,1,0.04731433082219858,0.8740286963934794,0.02587035257594796,1.0,38.630841176211284,At Risk
Cake Hut,53725.0,115,4.752397260273974,2025-08-28,Kochi,Kerala,0.10134401160566005,4,0.012622350916331343,0.9338654067611913,0.008426343410451622,0.9842105263157894,38.53148837085592,At Risk
Punjab Sind,8727.5,36,4.793396226415093,2025-08-21,Panaji,Goa,0.016463096533986005,11,0.00202680506505591,0.9587000305434832,0.0025870352575947963,0.9473684210526316,38.36749803458495,At Risk
I Deli Cafe,6988.0,47,4.769644839067704,2025-08-29,Kochi,Kerala,0.013181795311314144,3,0.0016172055982345615,0.9443129172916609,0.003400103481410304,0.9894736842105263,38.35681465441267,At Risk
Wow! Momo,458454.23,2011,4.367905204828815,2025-08-31,Chennai,Tamil Nadu,0.8648039237930933,1,0.10792380352628526,0.7009640328242512,0.14856973907901544,1.0,38.317267907359266,At Risk
Sangeetha's Desi Mane - Annanagar,78469.0,349,4.694008466297623,2025-08-31,Chennai,Tamil Nadu,0.1480197905385675,1,0.01844881208737328,0.8984971068261807,0.025722521989799685,1.0,38.20731612807634,At Risk
Yadav Doodh Dairy,31441.0,70,4.74236641221374,2025-08-30,Lucknow,Uttar Pradesh,0.05930864716414254,2,0.0073751450993454724,0.9277893428688531,0.005100155222115456,0.9947368421052631,38.17805761553436,At Risk
Jayhind Sweets,146626.0,553,4.637060931899642,2025-08-31,Ahmedabad,Gujarat,0.2765875671603818,1,0.034497717439567956,0.8640018323054757,0.040801241776923645,1.0,38.11598850228546,At Risk
Vadilal Ice Creams,57806.45,299,4.698582729070534,2025-08-31,Kolkata,West Bengal,0.10904304401455575,1,0.013583408544303746,0.9012679107204926,0.022026757336092835,1.0,38.02190881010878,At Risk
Sweet Truth - Cake and Desserts,432574.0,1761,4.383994809127284,2025-08-31,Bengaluru,Karnataka,0.8159848204058965,1,0.1018297946678697,0.7107101144250181,0.13009091581048118,1.0,37.99631353567495,At Risk
Sangeetha Veg Restaurant,153609.54,633,4.613814148013858,2025-08-31,Chennai,Tamil Nadu,0.2897609493624961,1,0.036142129201870654,0.8499203764471854,0.046714465222854606,1.0,37.87758576594749,At Risk
Natural Ice Cream,20233.89,87,4.733197925669835,2025-08-28,New Delhi,Delhi,0.03816814486715028,4,0.00473621076154254,0.922235643949052,0.006356715204375785,0.9842105263157894,37.825757316178674,At Risk
Apsara Ice Creams,8924.75,77,4.736306729264475,2025-08-28,Mumbai,Maharashtra,0.0168351785496066,4,0.002073251454725649,0.9241187638165185,0.005617562273634415,0.9842105263157894,37.76094948131516,At Risk
Radhey Lal's Parampara Sweets,18900.0,84,4.718501984126984,2025-08-30,Lucknow,Uttar Pradesh,0.035651964994825036,2,0.004422120141940167,0.9133337565676234,0.0061349693251533735,0.9947368421052631,37.64696531026201,At Risk
Veg Meals by Lunchbox,479985.0,2083,4.313790573995965,2025-08-31,Bengaluru,Karnataka,0.905418434816989,1,0.1129936465341916,0.6681847550925721,0.1538916401803533,1.0,37.64312131775189,At Risk
Oven Story Pizza,355688.0,794,4.4782803924829535,2025-08-31,Mumbai,Maharashtra,0.6709511177290649,1,0.0837254746874005,0.7678224567868317,0.05861482740779067,1.0,37.55598923925678,At Risk
ITC Master Chef Creations,376528.0,793,4.464345088161208,2025-08-31,Bengaluru,Karnataka,0.7102625965910836,1,0.08863266232094859,0.7593813161265746,0.058540912114716535,1.0,37.49756421892951,At Risk
Short Crust: Cakes & More,13073.0,20,4.7515625,2025-08-18,New Delhi,Delhi,0.02466021896176443,14,0.00305003845572689,0.9333597609046302,0.0014043905684086038,0.9315789473684211,37.466671650420366,At Risk
Uncle Ugen's Momo,6361.0,30,4.715625000000001,2025-08-31,Imphal,Manipur,0.011999055520215981,1,0.0014695661238471023,0.9115910585157914,0.0021435434991499743,1.0,37.44938527041063,At Risk
Myfroyoland - Premium Frozen Yogurt,1691.0,8,4.755172413793103,2025-08-16,Kolkata,West Bengal,0.003189813375992018,16,0.00036992282976506944,0.9355464221640784,0.0005174070515189592,0.9210526315789473,37.302064034932805,At Risk
Suchali's Artisan Bakehouse,63700.0,243,4.660180451127819,2025-08-31,Mumbai,Maharashtra,0.12016032646403993,1,0.014971160736131833,0.8780061991493362,0.01788750092394116,1.0,37.296782422404185,At Risk
Bakingo,208208.0,433,4.569058001775171,2025-08-31,Bengaluru,Karnataka,0.39275260992817623,1,0.04899840980277133,0.8228098866373394,0.0319314066080272,1.0,37.28286112339158,At Risk
Babka Goa,41020.0,95,4.686715968227884,2025-08-29,Panaji,Goa,0.07737796847024989,3,0.009630708935322302,0.8940797650480565,0.006948037548968881,0.9894736842105263,37.24131890193922,At Risk
Veg Darbar by Behrouz Biryani,609331.0,931,4.318316268486917,2025-08-31,Hyderabad,Telangana,1.149409919696388,1,0.14345070467473436,0.6709261393423489,0.06874122255894743,1.0,37.24063681843879,At Risk
Wooden Plate,18589.0,53,4.690734224724374,2025-08-30,Shillong,Meghalaya,0.03506531096766151,2,0.004348889078886737,0.8965137749205883,0.003843595239855126,0.9947368421052631,37.09360913662285,At Risk
Jagannath Mandir Arna Prasad,470.0,8,4.764583333333333,2025-08-08,Bhubaneswar,Odisha,0.0008865832564850669,24,8.241437964212237e-05,0.9412469719150791,0.0005174070515189592,0.8789473684210526,37.04052755787896,At Risk
The Bon Bon Bakers,37308.0,114,4.668330308529946,2025-08-31,Lucknow,Uttar Pradesh,0.07037584709137208,1,0.008756645571803563,0.8829428758880735,0.008352428117377485,1.0,37.00560066186189,At Risk
Sweet Truth,18073.5,73,4.682695810564663,2025-08-29,Guwahati,Assam,0.03409289890655927,3,0.004227504471156697,0.8916446035669612,0.0053219011013378665,0.9894736842105263,36.91961314998712,At Risk
Polar Bear,55218.44,241,4.64014918994522,2025-08-31,Bengaluru,Karnataka,0.10416115819835167,1,0.01297401071956772,0.865872506957138,0.017739670337792886,1.0,36.84992904425272,At Risk
Angry Sardar Courtyard,23337.0,77,4.668857142857143,2025-08-30,Panaji,Goa,0.044021688205514914,2,0.005466899006146159,0.8832619993573458,0.005617562273634415,0.9947368421052631,36.776255607491535,At Risk
Supreme Upper Crust,125823.32,303,4.59418051330057,2025-08-31,Kochi,Kerala,0.23734648678162268,1,0.029599317533586276,0.8380275416399576,0.022322418508389383,1.0,36.77124732070997,At Risk
Panna Sweets & Restaurant,10811.0,110,4.670729576234162,2025-08-30,Kolkata,West Bengal,0.020393301246510766,2,0.002517406093582659,0.8843962030422783,0.008056766945080937,0.9947368421052631,36.74108609496591,At Risk
La Pino'z Pizza,558496.0,2079,4.221762700726929,2025-08-31,Bengaluru,Karnataka,1.053517451944434,1,0.13148060470585637,0.6124399930843225,0.15359597900805677,1.0,36.70434356092507,At Risk
Mad Over Donuts,181385.05,511,4.543702670386607,2025-08-31,New Delhi,Delhi,0.34215520916320574,1,0.04268241899013799,0.807451203841707,0.03769679946780989,1.0,36.68476886421293,At Risk
Vipul Dudhiya Sweets,22207.0,125,4.659801488833748,2025-08-30,Ahmedabad,Gujarat,0.0418901156952423,2,0.005200818294730162,0.877776647360919,0.009165496341192993,0.9947368421052631,36.672010500493265,At Risk
Hotel Platinum & Restaurant,25810.0,90,4.658555133079847,2025-08-29,Aizawl,Mizoram,0.04868662521250974,3,0.006049215465731783,0.8770216825615513,0.006578461083598196,0.9894736842105263,36.57892515925303,At Risk
Izumi,15380.0,16,4.666666666666667,2025-08-30,Panaji,Goa,0.02901202230795815,2,0.0035932669523965365,0.8819351451165023,0.0011087293961120556,0.9947368421052631,36.5713280405658,At Risk
Bhavyam Veg,42562.14,258,4.629797631367138,2025-08-31,Chennai,Tamil Nadu,0.08028698017909218,1,0.009993836110811737,0.8596021765794855,0.018996230320053216,1.0,36.567743348218094,At Risk
The Belgian Waffle Co.,247683.79,846,4.471756408821224,2025-08-31,Bengaluru,Karnataka,0.4672176619505606,1,0.058293760499150464,0.7638706332397893,0.06245842264764579,1.0,36.497037870112614,At Risk
LeanCrust Pizza- ThinCrust Experts,187431.0,517,4.528817016317017,2025-08-31,Mumbai,Maharashtra,0.3535599709494736,1,0.04410605675755882,0.7984344004106356,0.03814029122625471,1.0,36.48008010714652,At Risk
Gokul Oottupura,47243.0,326,4.619390581717451,2025-08-30,Kochi,Kerala,0.08911670805558303,2,0.011096036605359239,0.8532982331618877,0.024022470249094534,0.9947368421052631,36.470606285105525,At Risk
Noodle Kitchen,7860.0,38,4.675870786516857,2025-08-25,Guwahati,Assam,0.014826690204197078,7,0.0018225351383715064,0.8875104284770585,0.0027348658437430706,0.968421052631579,36.43712210303727,At Risk
BOX8 - Desi Meals,250745.0,1083,4.4463525039310055,2025-08-31,Mumbai,Maharashtra,0.4729921673347832,1,0.059014582565162635,0.748482527637854,0.07997634710621626,1.0,36.41458607386645,At Risk
Ram Dairy,8231.0,71,4.6557869580061455,2025-08-29,Chandigarh,Punjab,0.015526525072614013,3,0.0019098943807921561,0.8753448942668838,0.005174070515189593,0.9894736842105263,36.33496085564725,At Risk
PS4 Veg Restaurant (Perambur Sri Srinivasa),2513.75,23,4.68135922330097,2025-08-21,Chennai,Tamil Nadu,0.004741805661679441,11,0.0005636554893380871,0.8908349821308557,0.001626136447631015,0.9473684210526316,36.253802622978135,At Risk
Pandhal Cake Shop,23316.0,53,4.647851112816578,2025-08-28,Kochi,Kerala,0.04398207491107622,4,0.005461954143367631,0.8705378528161538,0.003843595239855126,0.9842105263157894,36.25359091817432,At Risk
Samridhi At Kochi,14293.0,88,4.640390879478828,2025-08-31,Kochi,Kerala,0.026961562733917158,1,0.0033373114361937165,0.8660189074448628,0.006430630497449922,1.0,36.242672290742625,At Risk
1944 The Hocco kitchen,131938.12,326,4.55884533898305,2025-08-31,Ahmedabad,Gujarat,0.24888112358322884,1,0.03103916738683099,0.816623690688282,0.024022470249094534,1.0,36.22072682110359,At Risk
SMOOR,51441.0,104,4.621227621483375,2025-08-30,Bengaluru,Karnataka,0.09703559424861347,2,0.012084538221752466,0.854410997598503,0.007613275186636115,0.9947368421052631,36.21534538161054,At Risk
Hotel Annalakshmi,25152.0,186,4.624666092201637,2025-08-31,Bengaluru,Karnataka,0.04744540865343065,1,0.005894276432004593,0.8564938093060115,0.013674329218715352,1.0,36.204071920834835,At Risk
Hot Breads,27936.48,190,4.620187199595244,2025-08-31,Chennai,Tamil Nadu,0.05269790513431903,1,0.006549936980078584,0.8537807747270856,0.0139699903910119,1.0,36.15482052883594,At Risk
City Hut Family Dhaba,22067.0,59,4.658211920529801,2025-08-22,Shillong,Meghalaya,0.04162602706565101,10,0.005167852542873315,0.8768137857446314,0.004287086998299948,0.9526315789473684,36.123185203493556,At Risk
Bombay Sweet Shop,8349.0,18,4.694148936170213,2025-08-12,Mumbai,Maharashtra,0.015749114060412392,20,0.0019376798002143575,0.8985821947385562,0.0012565599822603295,0.9,36.06010423381047,At Risk
Sopo,42155.0,73,4.619841269841271,2025-08-29,Panaji,Goa,0.07951897271729362,3,0.0098979669950189,0.8535712319970217,0.0053219011013378665,0.9894736842105263,36.004230503843424,At Risk
NH1 Bowls - Highway To North,146254.0,587,4.514721603563474,2025-08-31,Bengaluru,Karnataka,0.27588584594461063,1,0.03441012272749118,0.7898962760202428,0.043314361741444304,1.0,35.93958042453582,At Risk
Aryaas,1919.0,15,4.667706422018349,2025-08-20,Kochi,Kerala,0.003619900572754986,12,0.00042360991136050906,0.882564964241594,0.0010348141030379187,0.9421052631578948,35.935642237341945,At Risk
Shiv Sagar Veg Restaurant,163340.0,584,4.502949631296088,2025-08-31,Mumbai,Maharashtra,0.30811597683887415,1,0.03843335727196348,0.7827655473713837,0.04309261586222189,1.0,35.88215302926449,At Risk
Dejavu,143846.4,356,4.53531485338888,2025-08-29,Shillong,Meghalaya,0.271344276054582,3,0.03384320598341583,0.8023703859797084,0.026239929041318645,0.9894736842105263,35.84437524165952,At Risk
Bikaner Elite,5231.0,22,4.642461964038728,2025-08-26,Patna,Bihar,0.009867483009943372,6,0.001203485412431107,0.8672734416613941,0.0015522211545568776,0.9736842105263158,35.834229194693364,At Risk
Arabikaas Arabian Restaurant,37966.0,97,4.607553426676493,2025-08-30,Bhubaneswar,Odisha,0.07161706365045117,2,0.008911584605530754,0.846128020842801,0.007095868135117155,0.9947368421052631,35.82958979326023,At Risk
Ss Hyderabad Biryani,92090.0,361,4.551413881748072,2025-08-31,Chennai,Tamil Nadu,0.17371372785044642,1,0.02165614427338856,0.8121221760903374,0.02660950550668933,1.0,35.76210116377945,At Risk
Blue Tokai Coffee Roasters,42289.44,92,4.59772151898734,2025-08-31,Mumbai,Maharashtra,0.07977257325559543,1,0.009929623535587719,0.8401724626542877,0.006726291669746471,1.0,35.73688465444707,At Risk
Alakapuri,12036.0,88,4.613542184651085,2025-08-31,Kochi,Kerala,0.022704076755434607,1,0.002805856422330087,0.8497556379566151,0.006430630497449922,1.0,35.73351600554066,At Risk
Perambur Sri Srinivasa Sweets & Snacks,2182.94,20,4.631428571428571,2025-08-28,Chennai,Tamil Nadu,0.004117783093428749,4,0.0004857597723969142,0.8605900986333666,0.0014043905684086038,0.9842105263157894,35.70732642442294,At Risk
Harilal's,10308.03,40,4.62175593594699,2025-08-29,Patna,Bihar,0.019444525117756947,3,0.002398971920643806,0.8547310176423615,0.0028826964298913444,0.9894736842105263,35.69028017679969,At Risk
Chili's American Grill & Bar,9745.0,27,4.621428571428572,2025-08-29,Lucknow,Uttar Pradesh,0.018382454966908462,3,0.0022663954401583655,0.8545327205773425,0.001921797619927563,0.9894736842105263,35.65981022943042,At Risk
Trelly,90710.0,374,4.556480380499406,2025-08-27,Shillong,Meghalaya,0.17111056850161793,5,0.021331196147942478,0.8151911459260583,0.027570404316653113,0.9789473684210527,35.649863994243034,At Risk
Oberai Bakers & Cafe,106140.0,212,4.546629213483146,2025-08-31,Bhubaneswar,Odisha,0.20021690817728727,1,0.024964492941879475,0.8092239216350054,0.015596126838642916,1.0,35.5872199034982,At Risk
Dou,54542.72,140,4.58639175257732,2025-08-28,Chennai,Tamil Nadu,0.10288651556415573,4,0.012814899163534078,0.8333095948110936,0.010274225737305048,0.9842105263157894,35.55947358877817,At Risk
Roastery Coffee House,61331.97,137,4.573333333333334,2025-08-31,Jaipur,Rajasthan,0.11569339933881793,1,0.014413561526349159,0.8253996165936042,0.010052479858082638,1.0,35.53958055602374,At Risk
6 Ballygunge Place Takeaway,33570.0,169,4.583322503790339,2025-08-31,Kolkata,West Bengal,0.06332468068128447,1,0.007876459997225697,0.8314504347860194,0.012417769236455023,1.0,35.5069268281987,At Risk
McDonald's Gourmet Burger Collection,213623.89,759,4.441317516405856,2025-08-31,Chennai,Tamil Nadu,0.402968859700442,1,0.050273687558656965,0.7454326453431337,0.056027792150195876,1.0,35.4944827056442,At Risk
Ganguram,34425.0,124,4.585268334402395,2025-08-31,Kolkata,West Bengal,0.0649375076691456,1,0.008077786553208597,0.83262909795104,0.009091581048118856,1.0,35.48381602162192,At Risk
Euphoria,4439.1,11,4.63305785123967,2025-08-23,Hyderabad,Telangana,0.008373684540133748,9,0.0010170169917494024,0.8615770150108544,0.0007391529307413703,0.9578947368421052,35.481721557031484,At Risk
Thalairaj Biryani,17293.0,59,4.599261162865403,2025-08-31,New Delhi,Delhi,0.03262060479658779,1,0.0040437204045547645,0.841105083158395,0.004287086998299948,1.0,35.48064305090004,At Risk
Salad Days,25214.0,93,4.598815065594583,2025-08-28,New Delhi,Delhi,0.047562362189392506,4,0.005908875550684054,0.840834865176483,0.006800206962820608,0.9842105263157894,35.43951037973616,At Risk
Takeout - Asian Goodness,71209.0,151,4.575601821730644,2025-08-26,Panaji,Goa,0.13432490874690453,6,0.016739302383939537,0.8267737257774255,0.011087293961120554,0.9736842105263158,35.43137185316591,At Risk
Jiva Veg,34488.0,131,4.586981638126676,2025-08-29,Shillong,Meghalaya,0.06505634755246167,3,0.008092621141544177,0.8336669107893169,0.009608988099637814,0.9894736842105263,35.42062877343929,At Risk
Khullak Cafe,116600.0,532,4.505722402597403,2025-08-31,Imphal,Manipur,0.21994810150246558,1,0.027427505544898333,0.7844451197748796,0.039249020622366765,1.0,35.41543422748965,At Risk
Daya Hari Chatpata,30459.0,117,4.585523646012175,2025-08-30,Agartala,Tripura,0.05745625406229501,2,0.007143913897035288,0.832783749845293,0.008574173996599896,0.9947368421052631,35.38812095222483,At Risk
Starbucks Coffee,304350.0,820,4.383350895679663,2025-08-31,Bengaluru,Karnataka,0.5741098172579365,1,0.071636933481494,0.7103200717062581,0.060536625027718234,1.0,35.38581199100187,At Risk
Palaaram,33241.54,109,4.580909369259032,2025-08-31,Kochi,Kerala,0.0627050910293162,1,0.007799117633976407,0.829988707970402,0.0079828516520068,1.0,35.37128297751126,At Risk
Hangout Cakes & More,33521.61,62,4.595801004107712,2025-08-27,Mumbai,Maharashtra,0.06323340033281359,5,0.007865065620566034,0.8390091341854751,0.004508832877522359,0.9789473684210527,35.36452699214786,At Risk
Cafe Cotinga,70956.0,146,4.560096618357488,2025-08-30,Panaji,Goa,0.133847662866286,2,0.01667972856094109,0.8173816379107492,0.01071771749574987,0.9947368421052631,35.350361050727756,At Risk
ITC Sunfeast Baked Creations,59222.0,118,4.5645664176680745,2025-08-31,Bengaluru,Karnataka,0.11171326301182688,1,0.013916727616024905,0.8200891643366277,0.008648089289674032,1.0,35.33230582053331,At Risk
Sante Spa Cuisine,46460.0,132,4.571144278606965,2025-08-30,Ahmedabad,Gujarat,0.08763969807722598,2,0.010911663864617003,0.8240736233873096,0.009682903392711951,0.9947368421052631,35.29970174511084,At Risk
Chullah,18054.0,133,4.582216678545972,2025-08-31,Shimla,Himachal Pradesh,0.03405611513315191,1,0.004222912812862351,0.8307805946291169,0.009756818685786088,1.0,35.28747072510372,At Risk
Urban Nawab,20708.0,86,4.5862770012706475,2025-08-30,Panaji,Goa,0.03906248101126121,2,0.004847849280205759,0.8332400856063997,0.006282799911301648,0.9947368421052631,35.26414095867889,At Risk
Cocoa Bakery,75661.4,167,4.55400651465798,2025-08-29,Kolkata,West Bengal,0.14272368170684946,3,0.017787707480849783,0.8136926318599178,0.012269938650306747,0.9894736842105263,35.26242287014292,At Risk
Harley's Fine Baking,84975.0,145,4.561394478240524,2025-08-25,Hyderabad,Telangana,0.1602923664251459,7,0.019980777670092275,0.8181678007082791,0.010643802202675733,0.968421052631579,35.24135169842137,At Risk
Sherowali Sweets,4940.0,106,4.598960739030023,2025-08-27,Agartala,Tripura,0.009318555929864322,5,0.0011349637425000854,0.840923105083601,0.007761105772784389,0.9789473684210527,35.21778750187425,At Risk
Mahalaxmi Sweets,4826.0,59,4.602199010445299,2025-08-27,Bhubaneswar,Odisha,0.009103512331482837,5,0.0011081202017023655,0.842884648504636,0.004287086998299948,0.9789473684210527,35.2060796873837,At Risk
Prime Bakery & Sweets,16514.5,61,4.603078233361724,2025-08-24,New Delhi,Delhi,0.031152083381324764,8,0.003860407277265073,0.8434172270646663,0.0044349175844482225,0.9631578947368421,35.17721040208798,At Risk
Viggis,132295.0,360,4.5013494318181815,2025-08-30,Panaji,Goa,0.2495543232270041,2,0.031123201797707216,0.7817962460511101,0.026535590213615193,0.9947368421052631,35.17689567876652,At Risk
Chetak Sweet Point,90357.0,216,4.534496712190187,2025-08-30,Mumbai,Maharashtra,0.170444687885577,2,0.021248075359331993,0.8018748069253387,0.01589178801093946,0.9947368421052631,35.17137140340486,At Risk
The Idli Foundry,5740.0,51,4.594362455726093,2025-08-29,Bengaluru,Karnataka,0.01082763381324316,3,0.0013233394673963653,0.8381377510455397,0.003695764653706852,0.9894736842105263,35.16571824524144,At Risk
Saurashtra Chawana & Sweets,25528.0,159,4.568943682241198,2025-08-31,Ahmedabad,Gujarat,0.048154675258618704,1,0.005982813022705845,0.8227406389736927,0.011678616305713652,1.0,35.15510401623329,At Risk
Full House - Aquilaria Clubhouse,20057.0,53,4.602642007926024,2025-08-23,Agartala,Tripura,0.03783446888366168,9,0.004694558534071412,0.843152988826497,0.003843595239855126,0.9578947368421052,35.138191279375924,At Risk
The Yellow Straw,12024.0,29,4.59425587467363,2025-08-28,Kolkata,West Bengal,0.022681440587183927,4,0.0028030307864566426,0.8380731908727022,0.002069628206075837,0.9842105263157894,35.137814784918746,At Risk
Kwality Walls Ice Cream and More,23248.19,156,4.568610816542948,2025-08-31,Bengaluru,Karnataka,0.04385416169698631,1,0.00544598694598611,0.822539009636075,0.01145687042649124,1.0,35.12314717545152,At Risk
Behrouz Biryani,392247.0,845,4.320726039442281,2025-08-31,Chennai,Tamil Nadu,0.7399140906521235,1,0.09233400984550437,0.6723858287128555,0.062384507354571656,1.0,35.11262540229727,At Risk
Chaayos Chai+Snacks=Relax,64515.0,255,4.538557144192132,2025-08-31,New Delhi,Delhi,0.12169769955773212,1,0.015163068505869917,0.8043343640959955,0.018774484440830803,1.0,35.11204335193128,At Risk
Sodhani Sweets And Namkeen,27618.29,124,4.570627062706272,2025-08-30,Jaipur,Rajasthan,0.052097688269678644,2,0.0064750128901976504,0.823760326162601,0.009091581048118856,0.9947368421052631,35.10101034250094,At Risk
Burger Farm,180803.6,893,4.425645852140675,2025-08-31,Ahmedabad,Gujarat,0.3410583924940925,1,0.042545505158586815,0.7359397258210043,0.06593244142213023,1.0,35.0986608094162,At Risk
The Brownie Studio,35537.0,29,4.579166666666667,2025-08-28,Chennai,Tamil Nadu,0.06703512592704218,4,0.008339628810814424,0.8289330871262846,0.002069628206075837,0.9842105263157894,35.08507559350053,At Risk
Vanakkam Rajnikantham,11489.0,51,4.618681318681319,2025-08-18,Lucknow,Uttar Pradesh,0.02167224475267433,14,0.0026770545204322558,0.852868605726786,0.003695764653706852,0.9315789473684211,35.08284511937922,At Risk
Papputt's Valsa Cafe,8020.0,71,4.580439644705733,2025-08-31,Kochi,Kerala,0.015128505780872846,1,0.0018602102833507625,0.8297041780502492,0.005174070515189593,1.0,35.0690151631453,At Risk
Das Khaman,5650.75,65,4.584671654197838,2025-08-29,Ahmedabad,Gujarat,0.010659277311878707,3,0.001302323800587624,0.8322676661932857,0.00473057875674477,0.9894736842105263,35.00947135506223,At Risk
Snoosh Ice Cream Parlour,7556.0,75,4.576548672566372,2025-08-31,Kochi,Kerala,0.014253240608513119,1,0.0017509523629109201,0.8273472691248922,0.00546973168748614,1.0,34.99985080201292,At Risk
Gangaur Govindam,41370.0,213,4.550213675213676,2025-08-30,Ranchi,Jharkhand,0.07803819004422813,2,0.009713123314964423,0.811395165617923,0.01567004213171705,0.9947368421052631,34.99114916482324,At Risk
9 Hills Bistro,20900.0,72,4.5721763085399445,2025-08-30,Imphal,Manipur,0.03942465970327213,2,0.0048930594541808665,0.8246987629342284,0.0052479858082637295,0.9947368421052631,34.989013403411995,At Risk
ONE PLUS PIZZA HUB,14170.0,68,4.572727272727272,2025-08-31,Ahmedabad,Gujarat,0.026729542009347657,1,0.003308348668490913,0.825032502772026,0.004952324635967181,1.0,34.982355522619756,At Risk
Anardana,12540.0,20,4.609302325581396,2025-08-19,Chandigarh,Punjab,0.023654795821963278,13,0.0029245331290147433,0.847187395027678,0.0014043905684086038,0.9368421052631579,34.929112039990684,At Risk
Sherowali Sweets And Fast Foods,12066.0,157,4.563041825095056,2025-08-31,Agartala,Tripura,0.022760667176061317,1,0.0028129205120136975,0.8191656609770099,0.011530785719565378,1.0,34.91810236418216,At Risk
Laduram Nanagram Mawawala,36699.1,244,4.545893343713508,2025-08-30,Jaipur,Rajasthan,0.06922725018738536,2,0.008613268098191882,0.8087781774955354,0.0179614162170153,0.9947368421052631,34.914472794186665,At Risk
Kori's,44947.0,109,4.552427184466022,2025-08-30,Aizawl,Mizoram,0.08478565453028576,2,0.010555398274906915,0.8127359718551195,0.0079828516520068,0.9947368421052631,34.91132054074263,At Risk
Aryan Family's Delight,11110.0,40,4.580833756990341,2025-08-28,Lucknow,Uttar Pradesh,0.020957319105423606,4,0.0025878115207626433,0.8299429067606883,0.0028826964298913444,0.9842105263157894,34.901558855406876,At Risk
Keventers - Milkshakes & Desserts,33283.14,147,4.552052785923753,2025-08-30,Kolkata,West Bengal,0.0627835630792519,2,0.007808913171671013,0.8125091845037051,0.010791632788824007,0.9947368421052631,34.850833138807104,At Risk
Oudh 1590,44084.0,105,4.552047224315499,2025-08-29,Kolkata,West Bengal,0.08315773676359084,3,0.010352187961675054,0.812505815627325,0.0076871904797102516,0.9894736842105263,34.83774263898622,At Risk
Neelkanth Sweets,148640.7,294,4.474878843951009,2025-08-31,Lucknow,Uttar Pradesh,0.28038799117493596,1,0.03497211815575362,0.7657620102434413,0.02165718087072215,1.0,34.80488865094783,At Risk
Veg Sizzel's,147027.0,525,4.455803035265858,2025-08-31,Mumbai,Maharashtra,0.2773439924494254,1,0.03459214077167221,0.7542070717504052,0.038731613570847805,1.0,34.784530054796,At Risk
Mustard Cafe - Hotel Astoria,41660.0,83,4.557869012707721,2025-08-27,Panaji,Goa,0.07858523077695295,5,0.009781409515239325,0.8160322929527122,0.006061054032079237,0.9789473684210527,34.78291993404305,At Risk
Aromas Cafe & Bistro,255038.02,676,4.3868990384615385,2025-08-31,Mumbai,Maharashtra,0.481090294253412,1,0.06002545850828042,0.7124693159289159,0.0498928228250425,1.0,34.77295427469954,At Risk
Bombay Mishthan Bhandar (Bmb) - Durapura,54361.0,242,4.528605089538172,2025-08-30,Jaipur,Rajasthan,0.10254372852294624,2,0.012772109617623888,0.7983060283486698,0.017813585630867025,0.9947368421052631,34.76370536883502,At Risk
Krav,15423.0,51,4.579965357967667,2025-08-24,Srinagar,Jammu and Kashmir,0.029093135244189765,8,0.0036033921476097117,0.8294168846423062,0.003695764653706852,0.9631578947368421,34.732136465616136,At Risk
French Loaf Bakery & Cafe,6247.37,57,4.570345596432554,2025-08-28,Kolkata,West Bengal,0.01178470987035556,4,0.001442809706822147,0.823589831399608,0.004139256412151674,0.9842105263157894,34.69029772166205,At Risk
Radhey Lal Premium Sweets,19575.0,60,4.554264018691589,2025-08-31,Lucknow,Uttar Pradesh,0.036925249458925925,1,0.004581062159821402,0.8138486117881696,0.0043610022913740856,1.0,34.68592088586543,At Risk
Sandy's Chocolate Laboratory,58045.0,138,4.538161668839636,2025-08-27,Chennai,Tamil Nadu,0.10949303217590578,5,0.013639579830771256,0.8040948097238045,0.010126395151156774,0.9789473684210527,34.66042907217865,At Risk
Classic Radhey Sweets,97955.0,108,4.5145418558621495,2025-08-28,Lucknow,Uttar Pradesh,0.18477715508296752,4,0.02303717380653441,0.7897873960420809,0.007908936358932663,0.9842105263157894,34.615392823860354,At Risk
Poetry By Love & Cheesecake,66372.0,170,4.519026149684401,2025-08-30,Mumbai,Maharashtra,0.12520064659452523,2,0.015600335657285407,0.7925037023416484,0.01249168452952916,0.9947368421052631,34.59632660818408,At Risk
Shiv Sagar,42987.0,243,4.52028966072147,2025-08-31,Bengaluru,Karnataka,0.0810884137160076,1,0.010093877748911028,0.7932690587445972,0.01788750092394116,1.0,34.55957689077318,At Risk
Burgrill - OG's of Grilled Burger,19728.92,77,4.5455172413793115,2025-08-31,Chandigarh,Punjab,0.037215596043688015,1,0.0046173056492914465,0.8085503580929374,0.005617562273634415,1.0,34.55355421423247,At Risk
The Brooklyn Creamery - Healthy Ice Cream,15535.62,72,4.550081037277148,2025-08-30,Kolkata,West Bengal,0.02930557568322242,2,0.0036299107402819855,0.8113148218053108,0.0052479858082637295,0.9947368421052631,34.53696922098851,At Risk
Nom Nom: Asian Bar & Eatery,14790.0,28,4.608641975308641,2025-08-11,Mumbai,Maharashtra,0.027899077368966258,21,0.00345433985528553,0.8467873959025307,0.0019957129130017,0.8947368421052632,34.52907815060001,At Risk
Nini's Kitchen,80321.0,239,4.499185463659148,2025-08-31,Ahmedabad,Gujarat,0.1515133058385895,1,0.018884901890508163,0.7804854487270636,0.017591839751644613,1.0,34.52179633246513,At Risk
Yumburgs,4252.0,25,4.608035714285714,2025-08-13,Srinagar,Jammu and Kashmir,0.00802074895015852,19,0.0009729606190892849,0.8464201606808803,0.0017739670337792888,0.9052631578947369,34.519634164812935,At Risk
Idleewala,12915.0,86,4.563621480026195,2025-08-25,Kolkata,West Bengal,0.02436217607979711,7,0.0030128342500598745,0.8195167798830045,0.006282799911301648,0.968421052631579,34.515883291034356,At Risk
Takeout,14326.0,95,4.547598253275111,2025-08-30,Chandigarh,Punjab,0.02702381219660653,2,0.0033450819348456876,0.8098109056721317,0.006948037548968881,0.9947368421052631,34.514459619589786,At Risk
Ovenly by Khurana's,25330.0,91,4.553286534779834,2025-08-26,Indore,Madhya Pradesh,0.04778117848248244,6,0.005936190030794016,0.8132565128284517,0.006652376376672333,0.9736842105263158,34.50503261888191,At Risk
"WeFit - Protein Bowls, Salads & Sandwiches",45925.0,178,4.520703933747412,2025-08-31,Bengaluru,Karnataka,0.08663050224271639,1,0.010785687598592617,0.7935199995782511,0.013083006874122255,1.0,34.49868762877368,At Risk
Chandimata Mistanna Bhander,7889.0,106,4.545121951219513,2025-08-31,Kolkata,West Bengal,0.01488139427746956,1,0.0018293637583989967,0.8083109158989648,0.007761105772784389,1.0,34.47772414276059,At Risk
Mr. Brown - Danbro,100218.53,105,4.496564885496183,2025-08-31,Lucknow,Uttar Pradesh,0.18904695890967316,1,0.02357016643725251,0.7788980654612194,0.0076871904797102516,1.0,34.46349243092089,At Risk
Chhabra's Pure Veg,10476.0,60,4.548187096067477,2025-08-30,Jaipur,Rajasthan,0.019761374882845874,2,0.0024385237587823414,0.8101675900130245,0.0043610022913740856,0.9947368421052631,34.43715711762214,At Risk
Desi Choka,5282.0,24,4.565135135135136,2025-08-26,Aizawl,Mizoram,0.009963686725008773,6,0.0012154943648932449,0.8204336580071332,0.001700051740705152,0.9736842105263158,34.432472654886986,At Risk
Saudagar,40015.0,151,4.52177033492823,2025-08-31,Panaji,Goa,0.07548218937925523,1,0.00939406193092135,0.7941659590894119,0.011087293961120554,1.0,34.42248712914162,At Risk
EatFit,153815.0,502,4.4421013253527155,2025-08-28,Bengaluru,Karnataka,0.29014851828989485,4,0.03619050879741714,0.7459074280546161,0.037031561830142654,0.9842105263157894,34.407579693295915,At Risk
The Paul Bakery,3232.0,13,4.577142857142857,2025-08-22,Ahmedabad,Gujarat,0.0060966746488505036,10,0.0007327815698465283,0.8277071891863752,0.0008869835168896444,0.9526315789473684,34.404582398196595,At Risk
Sherowali Restaurant And Cafe,8574.0,59,4.5438946528332,2025-08-31,Agartala,Tripura,0.01617354221511269,1,0.0019906604728414366,0.8075674948676199,0.004287086998299948,1.0,34.39239300490826,At Risk
Third Wave Coffee,72804.4,230,4.502265575833858,2025-08-29,New Delhi,Delhi,0.13733438731583278,3,0.017114970673313943,0.782351189116782,0.01692660211397738,0.9894736842105263,34.388403384820826,At Risk
Theth Masala,21456.0,72,4.540348722986248,2025-08-29,Hyderabad,Telangana,0.04047346883222042,3,0.005023980582983781,0.8054195911033069,0.0052479858082637295,0.9894736842105263,34.363243514689096,At Risk
Bakingo-Cakes & Desserts,21029.0,31,4.573566878980894,2025-08-18,Mumbai,Maharashtra,0.039667998511966965,14,0.004923435039820391,0.825541084021665,0.0022174587922241112,0.9315789473684211,34.323308571771456,At Risk
Baker's Estate,43411.0,76,4.534980988593157,2025-08-26,Shimla,Himachal Pradesh,0.0818882249941984,6,0.010193716883106059,0.8021681514509789,0.005543646980560278,0.9736842105263158,34.32050826372797,At Risk
Aubree,33536.44,57,4.529568603954464,2025-08-30,Bengaluru,Karnataka,0.06326137486407674,2,0.0078685576355663,0.7988896654568602,0.004139256412151674,0.9947368421052631,34.31158581842413,At Risk
Dmb(Doodh Misthan Bhandar),17189.24,103,4.543324581874757,2025-08-26,Jaipur,Rajasthan,0.032424877395113565,6,0.004019288073035718,0.8072221813362153,0.007539359893561978,0.9736842105263158,34.265066266142284,At Risk
Gwalia Sweets & Fast Food,78023.0,330,4.481677386158991,2025-08-30,Ahmedabad,Gujarat,0.14717847961858377,2,0.0183437926207436,0.7698801442818004,0.02431813142139108,0.9947368421052631,34.263887082764214,At Risk
Anandji Sweets,11530.0,55,4.540193386653933,2025-08-29,Jaipur,Rajasthan,0.021749584994197494,3,0.00268670877633319,0.8053254980142404,0.0039914258260034,0.9894736842105263,34.24179865010586,At Risk
Delly Belly,26610.0,145,4.5183783783783795,2025-08-31,Bhubaneswar,Odisha,0.050195703095888576,1,0.006237591190628063,0.7921113227722065,0.010643802202675733,1.0,34.22571937484483,At Risk
Chopstyx,36136.0,138,4.513230769230769,2025-08-31,Aizawl,Mizoram,0.06816504799222209,1,0.008480675134830515,0.7889932213030337,0.010126395151156774,1.0,34.21155154750737,At Risk
Hindusthan Sweets,7255.0,52,4.537683715461494,2025-08-30,Kolkata,West Bengal,0.01368545005489183,2,0.0016800759964186948,0.8038052952933485,0.003769679946780989,0.9947368421052631,34.20412391864546,At Risk
Haldiram's Restaurant,10958.0,63,4.5376744186046505,2025-08-29,Raipur,Chhattisgarh,0.020670594307581627,3,0.0025520201330323502,0.8037996638356852,0.004582748170596496,0.9894736842105263,34.20246252590904,At Risk
Bikanervala,226711.63999999998,925,4.348385600296901,2025-08-31,New Delhi,Delhi,0.4276569022856812,1,0.05335545555054607,0.6891402704088612,0.06829773080050261,1.0,34.17438095029773,At Risk
Food moments,4560.0,19,4.536453201970444,2025-08-31,Kohima,Nagaland,0.008601743935259374,1,0.0010454852731743526,0.8030599267515153,0.0013304752753344668,1.0,34.16022671897912,At Risk
Hotel Al Reem,2799.0,8,4.607454545454545,2025-08-07,Kochi,Kerala,0.005279886244471708,25,0.0006308232087464168,0.8460681247484034,0.0005174070515189592,0.8736842105263158,34.1544669170955,At Risk
Bombay Misthan Bhandar,90141.55,287,4.472071702244116,2025-08-30,Jaipur,Rajasthan,0.17003827434810956,2,0.021197343421920867,0.7640616183858926,0.02113977381920319,0.9947368421052631,34.139906185890304,At Risk
Daya Hari Mithai,27074.0,227,4.50917176209005,2025-08-30,Agartala,Tripura,0.05107096826824831,2,0.006346849111067906,0.7865345272246898,0.01670485623475497,0.9947368421052631,34.131375326931135,At Risk
Krispy Kreme - Doughnuts & Coffee,9934.0,23,4.533333333333335,2025-08-30,New Delhi,Delhi,0.018738974616856714,2,0.002310899205165112,0.801170104369505,0.001626136447631015,0.9947368421052631,34.107430249297,At Risk
Kudil Restaurant,4494.0,20,4.538020578147966,2025-08-29,Kochi,Kerala,0.008477245009880618,3,0.0010299442758704093,0.8040093457578417,0.0014043905684086038,0.9894736842105263,34.084302797243495,At Risk
Paris Panini - Gourmet Sandwiches & Wraps,8760.0,34,4.568505607759928,2025-08-17,Bengaluru,Karnataka,0.016524402822998267,15,0.002034457828879821,0.8224752806987179,0.002439204671446522,0.9263157894736842,34.0675787222825,At Risk
Sri Varalakshmi Pure Veg Tiffins,7080.0,73,4.537123287671234,2025-08-27,Hyderabad,Telangana,0.013355339267902711,5,0.0016388688065976337,0.8034658229934775,0.0053219011013378665,0.9789473684210527,34.06544114830552,At Risk
VIP Sweets Pvt. Ltd.,18937.0,108,4.518187619655391,2025-08-30,Kolkata,West Bengal,0.03572175984693131,2,0.00443083251921662,0.7919957730019438,0.007908936358932663,0.9947368421052631,34.042653639058265,At Risk
LunchBox  Meals and Thalis,182867.5,765,4.376838202043953,2025-08-31,Bengaluru,Karnataka,0.34495162479847447,1,0.043031490981853604,0.7063750869548024,0.056471283908640695,1.0,34.04193792609103,At Risk
Vishal Vaishno Dhaba,11413.0,78,4.540604815032296,2025-08-24,Srinagar,Jammu and Kashmir,0.02152888235375334,8,0.002659158826567109,0.8055747157373125,0.005691477566708552,0.9631578947368421,34.01901632388466,At Risk
Devi Fast Food,7870.0,51,4.529957182932231,2025-08-29,Agartala,Tripura,0.014845553677739312,3,0.0018248898349327099,0.7991250424341563,0.003695764653706852,0.9894736842105263,34.015399001601395,At Risk
Baba Au Rhum Badem,39695.0,85,4.519147344801794,2025-08-26,Panaji,Goa,0.07487855822590368,6,0.009318711640962837,0.7925771148061074,0.006208884618227511,0.9736842105263158,34.01108170744944,At Risk
Food Zilla,900.0,5,4.748351648351648,2025-06-17,Imphal,Manipur,0.001697712618801192,76,0.00018366633177387272,0.9314148266730422,0.00029566117229654814,0.605263157894737,34.00833625585552,At Risk
Tan-Sukh By Kanha,83926.0,315,4.462823368168579,2025-08-31,Jaipur,Rajasthan,0.1583135880505654,1,0.019733770000822024,0.7584595527974982,0.023209402025279026,1.0,34.00732542446341,At Risk
Rahmaniya Kethel's Chicken,1452.0,11,4.575097903708823,2025-08-15,Kochi,Kerala,0.00273897635833259,17,0.00031364558195230577,0.8264684835806837,0.0007391529307413703,0.9157894736842105,33.979278126155535,At Risk
Popeyes,44003.93,113,4.495637860082305,2025-08-31,Chennai,Tamil Nadu,0.08300669693093815,1,0.010333333906309496,0.7783365311212793,0.008278512824303348,1.0,33.92899954637683,At Risk
Amrit Sweets Phase 5,19869.0,83,4.509996516893069,2025-08-31,Chandigarh,Punjab,0.037479835581067655,1,0.004650290238720786,0.7870341123892306,0.006061054032079237,1.0,33.91825606186734,At Risk
Giani,43668.12,199,4.499676113360323,2025-08-27,Bhubaneswar,Odisha,0.08237324262591636,5,0.010254260841087723,0.7807826538003728,0.014635228028679132,0.9789473684210527,33.9158282924388,At Risk
Gopal Mistanna Bhandar,33078.0,238,4.492835013800484,2025-08-30,Agartala,Tripura,0.062396597783006484,2,0.007760608926414485,0.7766387411650877,0.017517924458570474,0.9947368421052631,33.90731350223325,At Risk
Eleven Aizawl,6127.0,32,4.519856887298748,2025-08-31,Aizawl,Mizoram,0.011557650239327671,1,0.0014144662243149404,0.7930069115211942,0.002291374085298248,1.0,33.89261347631439,At Risk
Faasos' Signature Wraps & Rolls,211987.0,841,4.3462171052631575,2025-08-31,Hyderabad,Telangana,0.399881116579787,1,0.04988824963325012,0.6878267309856616,0.06208884618227511,1.0,33.87210883854536,At Risk
The Hazelnut Factory,3488.17,20,4.520355411954766,2025-08-30,Lucknow,Uttar Pradesh,0.00657990025058195,2,0.0007931018316548783,0.793308886752369,0.0014043905684086038,0.9947368421052631,33.80644690825807,At Risk
Navtara Veg Restaurant,1720.0,20,4.548484848484848,2025-08-20,Panaji,Goa,0.0032445174492645003,12,0.0003767514497925595,0.8103479499089352,0.0014043905684086038,0.9421052631578948,33.77464899820688,At Risk
Urban Biryani,5631.0,37,4.514814814814816,2025-08-30,Ranchi,Jharkhand,0.010622021951632792,2,0.001297673274879247,0.7899527375990885,0.0026609505506689332,0.9947368421052631,33.751076491033835,At Risk
Mahalaxmi Sweets & Restaurant,94324.0,340,4.443838004559474,2025-08-30,Lucknow,Uttar Pradesh,0.17792782783978184,2,0.022182183485161423,0.7469594003063538,0.025057284352132454,0.9947368421052631,33.74458345669235,At Risk
Lamee,88853.0,249,4.452417452830189,2025-08-30,Shillong,Meghalaya,0.1676076214648248,2,0.02089392899652699,0.7521562964751367,0.018330992682385982,0.9947368421052631,33.714434328815535,At Risk
DragonWok Restaurant,32015.0,162,4.486021126760563,2025-08-31,Shillong,Meghalaya,0.06039141054546685,1,0.007510304681958553,0.7725113121819027,0.011900362184936062,1.0,33.71375879643415,At Risk
Jay Bhavani Vadapav,19503.0,188,4.490336879432625,2025-08-31,Ahmedabad,Gujarat,0.03678943244942184,1,0.004564108344580738,0.7751255267350006,0.013822159804863626,1.0,33.71277333193052,At Risk
Sherawat Juice And Ice Cream Parlour,870.0,22,4.56171875,2025-08-14,Jaipur,Rajasthan,0.0016411221981744858,18,0.00017660224209026227,0.8183642243722828,0.0015522211545568776,0.9105263157894736,33.69429840183797,At Risk
Haldiram's Sweets and Namkeen,39917.96,233,4.477754237288136,2025-08-30,Mumbai,Maharashtra,0.07529913823200136,2,0.00937121195549143,0.7675037446937165,0.01714834799319979,0.9947368421052631,33.69029619994778,At Risk
PINK CITY FOOD CORNER,15098.0,124,4.501481481481483,2025-08-29,Jaipur,Rajasthan,0.02848007235406711,3,0.003526864509370598,0.7818762335243892,0.009091581048118856,0.9894736842105263,33.67393004917414,At Risk
HRX by EatFit,151678.0,468,4.396514552641035,2025-08-31,Bengaluru,Karnataka,0.28611739399391917,1,0.03568731014228796,0.7182937963877438,0.034518441865621995,1.0,33.66667513463628,At Risk
Kalsang Friends Corner,158998.95,345,4.402036949313121,2025-08-31,Dehradun,Uttarakhand,0.299927248656822,1,0.03741117172126223,0.7216389208295597,0.025426860817503137,1.0,33.65415171008734,At Risk
Long Jhon Silver's,34407.0,180,4.487805960215929,2025-08-28,Shillong,Meghalaya,0.06490355341676957,4,0.008073548099398429,0.773592453282522,0.013230837460270529,0.9842105263157894,33.6374375348149,At Risk
Shree Agarwal Caterers,38337.5,266,4.469485205677171,2025-08-31,Jaipur,Rajasthan,0.07231784169254522,1,0.008999061582779463,0.762494879631233,0.01958755266464631,1.0,33.62655990554109,At Risk
Jonas Cafe,18770.0,114,4.49766355140187,2025-08-29,Aizawl,Mizoram,0.03540673983877597,3,0.0043915090866445215,0.7795635689360205,0.008352428117377485,0.9894736842105263,33.62435283599921,At Risk
Bambusa Express,10850.0,48,4.526420620972466,2025-08-22,Kohima,Nagaland,0.02046686879332548,10,0.002526589410171352,0.7969828131532712,0.0034740187744844407,0.9526315789473684,33.606344135968364,At Risk
Gita Samosa Centre,30065.0,205,4.479624038180579,2025-08-30,Ahmedabad,Gujarat,0.05671303320473094,2,0.007051138852523871,0.7686363537832186,0.015078719787123955,0.9947368421052631,33.590078984392626,At Risk
Baba Tourist Lodge,17899.0,82,4.492767378504262,2025-08-31,Shillong,Meghalaya,0.033763731293247265,1,0.004186415016163697,0.7765977719091732,0.0059871387390051,1.0,33.58513253270184,At Risk
Kim Pou Restaurent,56900.0,195,4.4711261538461535,2025-08-28,Shillong,Meghalaya,0.10733316445531982,4,0.013369967074513456,0.7634888639742199,0.014339566856382584,0.9842105263157894,33.56836120249268,At Risk
Biggies Burger,467.0,3,4.7,2025-06-25,Bhubaneswar,Odisha,0.0008809242144223963,68,8.170797067376135e-05,0.9021264053032518,0.00014783058614827407,0.6473684210526316,33.54370130017379,At Risk
Chiyang,6480.0,20,4.541825726141079,2025-08-17,Kochi,Kerala,0.012223530855368583,15,0.0014975870129254238,0.8063142677531823,0.0014043905684086038,0.9263157894736842,33.5405772192175,At Risk
Varalakshmi Tiffins,16545.0,125,4.486226572647986,2025-08-31,Hyderabad,Telangana,0.031209616975628584,1,0.003867589101776744,0.7726357585229207,0.009165496341192993,1.0,33.51708624658255,At Risk
Appetizer,638.0,14,4.502857142857144,2025-08-31,Bhubaneswar,Odisha,0.0012034896119946228,1,0.00012197328187034113,0.7827095236273336,0.0009608988099637814,1.0,33.5053826162941,At Risk
Subway,330140.41,1260,4.2303673852848105,2025-08-31,Bengaluru,Karnataka,0.6227594889257769,1,0.07770979245539682,0.6176521758263154,0.09305935398033852,1.0,33.49914405261211,At Risk
Hotel Heiga,76776.0,197,4.4501955671447195,2025-08-30,Shillong,Meghalaya,0.14482620446786704,2,0.018050161959561526,0.7508104163157205,0.014487397442530858,0.9947368421052631,33.48343533775733,At Risk
175 C,4930.0,26,4.51764705882353,2025-08-24,Imphal,Manipur,0.009299692456322086,8,0.001132609045938882,0.7916683348698577,0.0018478823268534257,0.9631578947368421,33.463891001838775,At Risk
Mio Amore,26009.89,89,4.4984765625000005,2025-08-25,Bhubaneswar,Odisha,0.04906368718514549,7,0.00609628349529368,0.7800560404945323,0.006504545790524059,0.968421052631579,33.45983399677399,At Risk
Tea Junction,27397.0,132,4.482302124678963,2025-08-29,Kolkata,West Bengal,0.05168025846366252,3,0.006422905809994779,0.7702585720219632,0.009682903392711951,0.9894736842105263,33.45306830301819,At Risk
USPFC - US Pizza & Fried Chicken,10152.84,48,4.490602721970188,2025-08-31,Imphal,Manipur,0.019151782871854997,1,0.0023624293847104897,0.7752865576103396,0.0034740187744844407,1.0,33.4225742791883,At Risk
Uthuppans Uppum Mulakum Restaurant,31728.0,129,4.476605504587156,2025-08-29,Kochi,Kerala,0.0598500288548047,3,0.0074427248906520135,0.7668079138682011,0.00946115751348954,0.9894736842105263,33.38590640404717,At Risk
Bambusa express,10340.0,51,4.498247535596933,2025-08-27,Kohima,Nagaland,0.019504831642671475,5,0.002406499885549974,0.7799173102408443,0.003695764653706852,0.9789473684210527,33.35716827993199,At Risk
Gola Sizzlers,33884.0,85,4.471052631578946,2025-08-31,Lucknow,Uttar Pradesh,0.06391699375051066,1,0.007950397469247486,0.7634443287574184,0.006208884618227511,1.0,33.345523453857,At Risk
Cafe S.F. Xavier,12040.0,60,4.483846153846154,2025-08-31,Panaji,Goa,0.022711622144851503,1,0.0028067983009545682,0.771193848861484,0.0043610022913740856,1.0,33.335307443710185,At Risk
Sodhani Sweets,12303.9,70,4.482630782533507,2025-08-31,Jaipur,Rajasthan,0.023209429211631098,1,0.002868938743204729,0.7704576525095685,0.005100155222115456,1.0,33.33049022945755,At Risk
Tea Post,23124.0,101,4.47832618025751,2025-08-29,Ahmedabad,Gujarat,0.04361989621906529,3,0.005416743969392524,0.7678501921729151,0.007391529307413704,0.9894736842105263,33.29474295221669,At Risk
Bektash,13132.0,84,4.478774120317821,2025-08-31,Kochi,Kerala,0.024771513455663613,1,0.00306393116543799,0.7681215264020893,0.0061349693251533735,1.0,33.28890242518327,At Risk
Madhurima Veg,123600.75,332,4.401050300897014,2025-08-31,Lucknow,Uttar Pradesh,0.23315394774254602,1,0.029075969739982867,0.7210412705830853,0.024465962007539355,1.0,33.28359614724267,At Risk
Swastik Mom's Kitchen,26056.0,147,4.469397129186603,2025-08-30,Bhubaneswar,Odisha,0.04915066666164873,2,0.006107141001137389,0.7624415283711108,0.010791632788824007,0.9947368421052631,33.280732568007934,At Risk
House of Idlies,25656.5,183,4.463675538656528,2025-08-31,Chennai,Tamil Nadu,0.04839707089363643,1,0.006013070873517309,0.7589757446788674,0.01345258333949294,1.0,33.27884684209658,At Risk
DMB Sweets Pvt Ltd,19124.5,128,4.4710105345298485,2025-08-31,Jaipur,Rajasthan,0.03607544997584822,1,0.004474983079739185,0.763418828983276,0.009387242220415403,1.0,33.26930903709615,At Risk
Chai Govindam,11745.0,131,4.483997584541063,2025-08-27,Raipur,Chhattisgarh,0.022155149675355555,5,0.002737334752399065,0.771285576158319,0.009608988099637814,0.9789473684210527,33.229714121048815,At Risk
Rajani's Kitchen,12181.0,59,4.483612630093491,2025-08-29,Bhubaneswar,Odisha,0.022977597121797023,3,0.0028399995224675377,0.7710523946959897,0.004287086998299948,0.9894736842105263,33.225650403849656,At Risk
Shree Raghavendra,10310.0,88,4.493393104920483,2025-08-25,Hyderabad,Telangana,0.019448241222044766,7,0.0023994357958663634,0.7769767980554421,0.006430630497449922,0.968421052631579,33.2181045097627,At Risk
The Chicken Wagon,8860.0,35,4.503789420142421,2025-08-23,Shillong,Meghalaya,0.016713037558420622,9,0.002058004794491856,0.7832742392243306,0.0025131199645206594,0.9578947368421052,33.20975713622106,At Risk
INDIAN COFFEE HOUSE,30134.0,167,4.461367521367522,2025-08-30,Indore,Madhya Pradesh,0.05684319117217236,2,0.007067386258796176,0.7575776913509324,0.012269938650306747,0.9947368421052631,33.20279338493859,At Risk
Jumboking Burgers,4802.0,21,4.523456790123457,2025-08-17,Mumbai,Maharashtra,0.009058239994981471,15,0.001102468929955477,0.7951875087586155,0.0014783058614827407,0.9263157894736842,33.192448031923185,At Risk
A2B - Adyar Ananda Bhavan,60493.24,260,4.434258422016647,2025-08-31,Bengaluru,Karnataka,0.11411126322241003,1,0.01421606606167134,0.7411566849982738,0.01914406090620149,1.0,33.1862244105391,At Risk
Huber & Holly,15120.0,20,4.496428571428571,2025-08-24,Ahmedabad,Gujarat,0.02852157199586003,8,0.0035320448418052455,0.7788154948770312,0.0014043905684086038,0.9631578947368421,33.165413398719735,At Risk
"Bhatti Chicken - Grilled, NOT Fried!",29176.0,119,4.466280193236715,2025-08-29,Mumbai,Maharashtra,0.0550360704068262,3,0.00684180632823288,0.7605534824286226,0.00872200458274817,0.9894736842105263,33.159453659748216,At Risk
One Bite New,14632.0,63,4.474444444444442,2025-08-30,Imphal,Manipur,0.027601034486998938,2,0.0034171356496185148,0.7654988780395788,0.004582748170596496,0.9947368421052631,33.140675151636664,At Risk
Priya Restaurant,48219.0,230,4.438219224859143,2025-08-31,Bhubaneswar,Odisha,0.09095778307330521,1,0.0113258549897327,0.7435558930205115,0.01692660211397738,1.0,33.0982430324842,At Risk
BOOM - Sub Style Sandwiches,35366.0,158,4.455504587155963,2025-08-29,Mumbai,Maharashtra,0.06671256052946996,3,0.008299363499617844,0.7540262904472312,0.011604701012639515,0.9894736842105263,33.079594115759704,At Risk
Eden Restaurant,86442.0,274,4.418882681564246,2025-08-29,Shillong,Meghalaya,0.16305963799379183,3,0.020326211655620825,0.7318430177171229,0.02017887500923941,0.9894736842105263,33.066653340028566,At Risk
Cafe Aurora,19470.0,85,4.461620091970286,2025-08-31,Kohima,Nagaland,0.03672718298673246,1,0.004556337845928766,0.7577306829136106,0.006208884618227511,1.0,33.03835169361001,At Risk
Zongri Bakery & Cafe,27737.0,72,4.46984126984127,2025-08-27,Gangtok,Sikkim,0.05232161656409851,5,0.006502965493075696,0.762710561156648,0.0052479858082637295,0.9789473684210527,33.03586885479827,At Risk
Le Meridien - Latest Recipe,12556.0,33,4.46871921182266,2025-08-31,Kochi,Kerala,0.023684977379630854,1,0.002928300643512669,0.7620308881946967,0.002365289378372385,1.0,33.025364459148854,At Risk
Lord Petrick,24808.9,107,4.455363636363634,2025-08-31,Chandigarh,Punjab,0.04679820287619656,1,0.005813486792989702,0.7539409112235878,0.007835021065858526,1.0,33.00746722974439,At Risk
Punjab Grill,9905.0,20,4.489473684210527,2025-08-24,Indore,Madhya Pradesh,0.01868427054358423,8,0.0023040705851376216,0.7746026567553601,0.0014043905684086038,0.9631578947368421,32.9899092848029,At Risk
Wood Street Cafe,44260.0,129,4.443529411764706,2025-08-30,Shimla,Himachal Pradesh,0.08348973389793418,2,0.010393630621152235,0.7467724739840258,0.00946115751348954,0.9947368421052631,32.95551101568929,At Risk
Stay Fit Kitchen,28519.0,101,4.450399999999998,2025-08-31,Aizawl,Mizoram,0.053796740195101334,1,0.0066871027641618105,0.7509342490248705,0.007391529307413704,1.0,32.94334216746086,At Risk
"The Dessert Heaven - Pastry, Brownie and Cakes",185941.0,699,4.319720056697378,2025-08-31,Kolkata,West Bengal,0.35074931339168053,1,0.0437552069699395,0.6717764669324837,0.051592874565747654,1.0,32.93535977808705,At Risk
Barbecue by Punjab Grill,8260.0,20,4.4696428571428575,2025-08-30,Mumbai,Maharashtra,0.015581229145886496,2,0.0019167230008196462,0.7625903750841081,0.0014043905684086038,0.9947368421052631,32.92983640497683,At Risk
Moti Mahal Delux,6576.0,32,4.4803030303030305,2025-08-26,Ranchi,Jharkhand,0.012404620201374042,6,0.0015201920999129773,0.7690476449814936,0.002291374085298248,0.9736842105263158,32.91490662041045,At Risk
Hotel Saj International,26540.0,98,4.44978614200171,2025-08-31,Kochi,Kerala,0.05006365878109293,1,0.006221108314699638,0.7505624120280361,0.007169783428191292,1.0,32.90911236199289,At Risk
Somewhere Cafe,15950.0,86,4.467187500000002,2025-08-27,Imphal,Manipur,0.03008724029986557,5,0.0037274846563851356,0.7611030724364243,0.006282799911301648,0.9789473684210527,32.897321241784695,At Risk
Chef's Planet,77141.0,253,4.409973521624007,2025-08-31,Shimla,Himachal Pradesh,0.1455147212521586,1,0.018136108384045453,0.7264464027251609,0.01862665385468253,1.0,32.891369494210295,At Risk
THE PERSIAN TABLE,42323.0,145,4.43948683772076,2025-08-30,Kochi,Kerala,0.07983587907280318,2,0.009937525897247118,0.7443237340536606,0.010643802202675733,0.9947368421052631,32.88745752260585,At Risk
AVO's Kitchen,14960.0,29,4.462913907284768,2025-08-30,Panaji,Goa,0.02821975641918426,2,0.0034943696968259895,0.7585143957630596,0.002069628206075837,0.9947368421052631,32.883967645938974,At Risk
The Pizza Bakery - Wood Fired Sourdough,10779.0,32,4.473323112303564,2025-08-27,Bengaluru,Karnataka,0.02033293813117561,5,0.002509871064586807,0.7648196447692119,0.002291374085298248,0.9789473684210527,32.88028535157632,At Risk
Bhikharam Chandmal,21555.0,127,4.450202303143479,2025-08-30,New Delhi,Delhi,0.04066021722028855,2,0.005047292078939695,0.750814496564828,0.009313326927341267,0.9947368421052631,32.859961539701885,At Risk
Preeti Tiffins,14225.0,101,4.464234065345473,2025-08-27,Hyderabad,Telangana,0.026833291113829955,5,0.0033212994995775328,0.7593140654097996,0.007391529307413704,0.9789473684210527,32.84957821263589,At Risk
Andhra Gunpowder,38692.0,154,4.4411493073370965,2025-08-29,Bengaluru,Karnataka,0.07298655182961747,3,0.009082535575874127,0.7453307547509413,0.011309039840342967,0.9894736842105263,32.84414170447533,At Risk
Flavours Of Punjab,14401.0,70,4.454515050167226,2025-08-31,Gangtok,Sikkim,0.027165288248173297,1,0.003362742159054714,0.753426890483111,0.005100155222115456,1.0,32.83931950529782,At Risk
French Loaf,4446.69,34,4.462001156737999,2025-08-31,Chennai,Tamil Nadu,0.008388001916552302,1,0.0010188042064393555,0.7579615082497977,0.002439204671446522,1.0,32.82838150918044,At Risk
Cinnabon,17549.0,62,4.458319604612851,2025-08-29,Mumbai,Maharashtra,0.03310350971926902,3,0.004104000636521574,0.7557314529442989,0.004508832877522359,0.9894736842105263,32.821017113445535,At Risk
Priyas - Pure Veg,7070.0,64,4.460049388018037,2025-08-30,Chennai,Tamil Nadu,0.013336475794360477,2,0.0016365141100364304,0.756779248148324,0.004656663463670633,0.9947368421052631,32.80933969917722,At Risk
The Brew Estate,81535.0,170,4.412389380530974,2025-08-30,Shimla,Himachal Pradesh,0.1538033315266169,2,0.019170762053038273,0.7279097797981122,0.01249168452952916,0.9947368421052631,32.80132598770811,At Risk
Daawat-E   Biryani,4570.0,31,4.48483412322275,2025-08-22,Bhubaneswar,Odisha,0.008620607408801608,10,0.0010478399697355558,0.7717922992636659,0.0022174587922241112,0.9526315789473684,32.76634754201756,At Risk
Om Sweets & Snacks,25802.92,138,4.438249276560562,2025-08-31,Gurgaon,Haryana,0.04867326987324184,1,0.006047548340566451,0.7435740964721833,0.010126395151156774,1.0,32.751652730811294,At Risk
Cochin Rahumania,10990.0,14,4.516279069767442,2025-08-10,Kochi,Kerala,0.02073095742291678,22,0.002559555162028201,0.7908396921809349,0.0009608988099637814,0.8894736842105263,32.74152779021371,At Risk
Chai Kings,8090.0,52,4.4909302325581395,2025-08-18,Chennai,Tamil Nadu,0.015260550095668493,14,0.0018766931592791869,0.7754849431551971,0.003769679946780989,0.9315789473684211,32.73079909364691,At Risk
The Grill Republic,17870.0,99,4.44696335078534,2025-08-30,Srinagar,Jammu and Kashmir,0.033709027219974784,2,0.004179586396136207,0.7488525406709576,0.007243698721265429,0.9947368421052631,32.72500207145212,At Risk
Haveli Dhaba,60155.0,214,4.414754098360655,2025-08-30,Ranchi,Jharkhand,0.11347322509331745,2,0.014136420805185191,0.7293421787871326,0.015743957424791188,0.9947368421052631,32.70796976536984,At Risk
Chinese Wok,261305.25,1339,4.215788289555093,2025-08-31,Bengaluru,Karnataka,0.49291246698222246,1,0.06150120100120757,0.6088210663713274,0.09889866213319534,1.0,32.702653273852036,At Risk
Sahib's Punjabi Tadka,80541.0,223,4.399999999999999,2025-08-31,Shimla,Himachal Pradesh,0.15192830225651868,1,0.018936705214854643,0.720405063622505,0.01640919506245842,1.0,32.697804018518504,At Risk
Tan-Sukh by Kanha,42593.0,161,4.436280623608019,2025-08-27,Jaipur,Rajasthan,0.08034519285844353,5,0.010001102704399613,0.7423816089527171,0.011826446891861925,0.9789473684210527,32.69749499880526,At Risk
Lhasa Restaurant,32470.0,87,4.43857740585774,2025-08-30,Srinagar,Jammu and Kashmir,0.06124969859163857,2,0.0076174433754933124,0.7437728567926101,0.006356715204375785,0.9947368421052631,32.69238616393818,At Risk
Thalassery Restaurant,3095.0,14,4.482352941176471,2025-08-22,Bengaluru,Karnataka,0.005838245061321877,10,0.0007005222269580403,0.7702893534956519,0.0009608988099637814,0.9526315789473684,32.68223525962084,At Risk
Mountain's Pizza Club,26846.0,110,4.435794542536119,2025-08-31,Shimla,Himachal Pradesh,0.05064088107148534,1,0.006293162029472465,0.7420871712708794,0.008056766945080937,1.0,32.6754769582069,At Risk
Bansal Amritsari Kulcha,7809.0,59,4.455559506875297,2025-08-29,Chandigarh,Punjab,0.014730486489131677,3,0.0018105261859093686,0.7540595573975049,0.004287086998299948,0.9894736842105263,32.67468635143278,At Risk
Ujjwala Restaurant,2414.0,11,4.542462845010616,2025-08-01,Agartala,Tripura,0.004553642513095642,31,0.0005401673911400822,0.8067001947391237,0.0007391529307413703,0.8421052631578947,32.658448228013086,At Risk
Dum Safar Biryani,105375.0,417,4.368789891884851,2025-08-31,Bengaluru,Karnataka,0.19877385245130624,1,0.024784358654947405,0.7014999212202193,0.030748761918841006,1.0,32.65134722118129,At Risk
Zaatar Arabic Restaurant,59262.0,193,4.415922358435493,2025-08-29,Kochi,Kerala,0.11178871690599582,3,0.01392614640226972,0.7300498380812379,0.01419173627023431,0.9894736842105263,32.63711256603787,At Risk
Gourmet Ice Cream Cakes by Baskin Robbins,70963.31,130,4.412030075187969,2025-08-30,Indore,Madhya Pradesh,0.13386145206544534,2,0.016681449844127328,0.7276921349680996,0.009535072806563677,0.9947368421052631,32.63609191999198,At Risk
Bombay Mishthan Bhandar (Bmb) - Sanganeeri Gate,57077.0,194,4.410591542830914,2025-08-31,Jaipur,Rajasthan,0.10766704793701738,1,0.013411645203646757,0.7268207615348485,0.014265651563308447,1.0,32.626401685457495,At Risk
Roll Xpress,19372.0,113,4.442365674526478,2025-08-29,Chandigarh,Punjab,0.03654232094601855,3,0.004533261819628973,0.746067554343044,0.008278512824303348,0.9894736842105263,32.62366420166781,At Risk
Sri Venkateshwara Tiffin Center,6133.0,77,4.446231841669103,2025-08-31,Hyderabad,Telangana,0.011568968323453012,1,0.0014158790422516626,0.7484094379441104,0.005617562273634415,1.0,32.621269545486065,At Risk
Vaango,4438.82,31,4.458718190386427,2025-08-28,Bhubaneswar,Odisha,0.008373156362874563,4,0.0010169510602456885,0.7559728914161292,0.0022174587922241112,0.9842105263157894,32.60631922389608,At Risk
Loyans Bakery & Confectionery,24112.0,75,4.453543307086615,2025-08-25,Guwahati,Assam,0.045483607405038165,7,0.00564938798963943,0.752838268961852,0.00546973168748614,0.968421052631579,32.60472874850665,At Risk
Burgerama,2791.0,14,4.463392857142856,2025-08-27,New Delhi,Delhi,0.005264795465637919,5,0.000628939451497454,0.7588045137990918,0.0009608988099637814,0.9789473684210527,32.59798465244245,At Risk
Arusuvai Cafe,27698.8,187,4.424385675756668,2025-08-31,Chennai,Tamil Nadu,0.052249558095167174,1,0.006493970552211899,0.7351763893434842,0.013748244511789489,1.0,32.59001539262879,At Risk
Delights by INOX,53478.03,166,4.411738148984199,2025-08-31,Lucknow,Uttar Pradesh,0.10087814039958745,1,0.0125641969753593,0.72751530423003,0.01219602335723261,1.0,32.57194747305992,At Risk
Kingdom of Momos,69144.0,225,4.401481481481481,2025-08-30,Patna,Bihar,0.13042960146043292,2,0.016253057544051017,0.7213024529641392,0.016557025648606696,0.9947368421052631,32.56770482471099,At Risk
Daily Kitchen - Everyday Homely Meals,87738.0,383,4.375906735751295,2025-08-31,Bengaluru,Karnataka,0.16550434416486556,1,0.0206313803299528,0.7058108626066946,0.028235641954320344,1.0,32.564293930485356,At Risk
Central Perk,67393.0,255,4.3992277992277975,2025-08-30,Srinagar,Jammu and Kashmir,0.12712660724318747,2,0.015840750176184283,0.7199373124212678,0.018774484440830803,0.9947368421052631,32.554607489554655,At Risk
Ovenfresh Cakes And Desserts,78318.0,321,4.385108695652174,2025-08-31,Hyderabad,Telangana,0.14773495208807974,1,0.018413256169299105,0.711384837604295,0.02365289378372385,1.0,32.55113325057529,At Risk
Ooopar Resto,25785.0,78,4.445475910693302,2025-08-26,Kohima,Nagaland,0.048639466528654154,6,0.006043328724328775,0.7479515419736416,0.005691477566708552,0.9736842105263158,32.53095106477973,At Risk
FNP Cakes By Ferns N Petals,36133.0,69,4.426027397260273,2025-08-31,Chandigarh,Punjab,0.06815938895015942,1,0.008479968725862154,0.7361708421244879,0.005026239929041319,1.0,32.52484881134995,At Risk
Jugaad Jn,24243.0,199,4.421314281001279,2025-08-31,Bhubaneswar,Odisha,0.04573071890844145,1,0.005680234514591196,0.7333159294242155,0.014635228028679132,1.0,32.519391823883694,At Risk
The Prashadam,50386.8,206,4.406655390498602,2025-08-31,Chandigarh,Punjab,0.09504700686779102,1,0.011836306110270395,0.7244364852585568,0.015152635080198092,1.0,32.50959950377148,At Risk
Sunny's Restaurant - Keishampat,14740.0,80,4.440272887323943,2025-08-29,Imphal,Manipur,0.027804760001255077,3,0.0034425663724795123,0.7447998740153876,0.005839308152856826,0.9894736842105263,32.49322188052321,At Risk
Pop Seoul,51829.0,137,4.413065326633166,2025-08-30,Aizawl,Mizoram,0.0977674970220522,2,0.012175900448327162,0.7283192259067599,0.010052479858082638,0.9947368421052631,32.48503081335017,At Risk
Cafe Sanaya,48671.0,228,4.402991452991452,2025-08-31,Panaji,Goa,0.09181041207741424,1,0.011432287274299097,0.7222170997931108,0.016778771527829105,1.0,32.45937991532187,At Risk
IFC Pizza and Burger,4213.0,21,4.4508,2025-08-28,Jaipur,Rajasthan,0.007947181403343802,4,0.0009637773025005912,0.7511765441471123,0.0014783058614827407,0.9842105263157894,32.44551879690094,At Risk
Shaan Sweets And Snacks,65058.0,303,4.390002256826901,2025-08-30,Shillong,Meghalaya,0.12272198617107552,2,0.01529092852914327,0.7143490526118557,0.022322418508389383,0.9947368421052631,32.43592551074182,At Risk
Valley Vista,82458.0,286,4.377241379310344,2025-08-31,Gangtok,Sikkim,0.15554443013456523,1,0.019388100545637353,0.7066193066674145,0.021065858526129053,1.0,32.39542039237051,At Risk
Ritz Mithai Vatika,12379.5,44,4.444444444444445,2025-08-27,Lucknow,Uttar Pradesh,0.023352037071610397,5,0.002886740249207427,0.7473267438715054,0.0031783576021878926,0.9789473684210527,32.38831276236775,At Risk
Churuwala,3696.5,65,4.444162704701531,2025-08-28,Ranchi,Jharkhand,0.00697288299488734,4,0.0008421572251144305,0.7471560834578823,0.00473057875674477,0.9842105263157894,32.38508563103384,At Risk
Biryani By Kilo,97480.2,270,4.372862453531598,2025-08-30,Bengaluru,Karnataka,0.18388151735918218,2,0.022925372813808468,0.7039668257753005,0.01988321383694286,0.9947368421052631,32.381052383602835,At Risk
Paprika - Pramod Laddu Bhandar,64961.9,211,4.400150981378962,2025-08-28,Patna,Bihar,0.12254070819033462,4,0.015268299895190102,0.7204965187516854,0.015522211545568777,0.9842105263157894,32.37817705242744,At Risk
Buzz Inn Restaurant,28900.0,125,4.424999999999999,2025-08-28,Aizawl,Mizoram,0.05451543853706051,4,0.0067768167031436646,0.7355485087625677,0.009165496341192993,0.9842105263157894,32.36294312098453,At Risk
Devrana Express,25840.0,107,4.419158878504674,2025-08-31,Imphal,Manipur,0.04874321563313645,1,0.006056279555415394,0.732010320645732,0.007835021065858526,1.0,32.359261222905744,At Risk
Kite Restaurant,51426.2,214,4.399999999999999,2025-08-30,Dehradun,Uttarakhand,0.09700767630777096,2,0.012081053270841885,0.720405063622505,0.015743957424791188,0.9947368421052631,32.35764160905728,At Risk
MOJO Pizza - 2X Toppings,71136.0,200,4.392379182156134,2025-08-29,Mumbai,Maharashtra,0.13418720539004622,3,0.016722113099042753,0.7157888461448665,0.014709143321753269,0.9894736842105263,32.33146961684803,At Risk
Mummy's kitchen,4580.0,30,4.439416058394159,2025-08-29,Imphal,Manipur,0.008639470882343845,3,0.0010501946662967597,0.7442808603396838,0.0021435434991499743,0.9894736842105263,32.30804130893065,At Risk
Jain Mithai Bhandar (JMB),17789.0,119,4.422430510665804,2025-08-30,Indore,Madhya Pradesh,0.033556233084282676,2,0.004160513353990459,0.7339920719317536,0.00872200458274817,0.9947368421052631,32.30799120481982,At Risk
Paakashala,77675.05,401,4.368301886792453,2025-08-30,Bengaluru,Karnataka,0.14652212505668172,2,0.018261860953896526,0.7012043180864271,0.029566117229654812,0.9947368421052631,32.3052947463944,At Risk
Good Flippin' Burgers,7860.0,20,4.556923076923078,2025-07-19,Mumbai,Maharashtra,0.014826690204197078,44,0.0018225351383715064,0.8154593038862812,0.0014043905684086038,0.7736842105263158,32.30161043875462,At Risk
Fat Belly,5000.0,32,4.47052740434333,2025-08-18,Guwahati,Assam,0.009431736771117733,14,0.0011490919218673063,0.7631261787642742,0.002291374085298248,0.9315789473684211,32.301365995193095,At Risk
Shreelal Food Plaza,24582.0,150,4.411539712482925,2025-08-31,Bhubaneswar,Odisha,0.04637019066152323,1,0.005760058728015994,0.7273951037391968,0.011013378668046418,1.0,32.272523034657475,At Risk
Confucius (Christan Basti),6705.0,20,4.5063334605112555,2025-08-05,Guwahati,Assam,0.01264795901006888,27,0.0015505676855525024,0.7848152606547125,0.0014043905684086038,0.8631578947368421,32.266147285800066,At Risk
Donald's Pastry Shop,23529.0,103,4.42681901759916,2025-08-27,New Delhi,Delhi,0.04438386689752583,5,0.005512109180121265,0.736650356491436,0.007539359893561978,0.9789473684210527,32.260255944029694,At Risk
Ratna Cafe (Estd.1948),38746.0,221,4.397706520957653,2025-08-31,Chennai,Tamil Nadu,0.07308841458674555,1,0.009095250937304627,0.7190158166601996,0.016261364476310144,1.0,32.25951182682438,At Risk
Mountain's Pizza,15083.0,59,4.434734917733089,2025-08-27,Shimla,Himachal Pradesh,0.028451777143753756,5,0.0035233324645287923,0.7414453164679302,0.004287086998299948,0.9789473684210527,32.25950821679559,At Risk
Mio Amore - The Cake Shop,13888.0,37,4.43394614189539,2025-08-28,Kolkata,West Bengal,0.026197592055456617,4,0.0032419462254649747,0.7409675251228904,0.0026609505506689332,0.9842105263157894,32.254027876876584,At Risk
A Cheesy Sandwich,13686.0,116,4.429508196721311,2025-08-27,Jaipur,Rajasthan,0.025816549889903465,5,0.003194381354928664,0.7382792939517593,0.008500258703525759,0.9789473684210527,32.23563293103096,At Risk
Nasta Bakery,28075.0,145,4.410958904109588,2025-08-30,Ranchi,Jharkhand,0.05295920196982608,2,0.006582554236844376,0.7270432861496561,0.010643802202675733,0.9947368421052631,32.234845219069605,At Risk
FIKA,24773.0,81,4.42906976744186,2025-08-26,Imphal,Manipur,0.04673048300617992,6,0.00580503343233498,0.7380137207621131,0.005913223445930963,0.9736842105263158,32.227719534338576,At Risk
Oye Hoye Paratha,3932.0,31,4.439473684210526,2025-08-27,Dehradun,Uttarakhand,0.007417117796806987,5,0.0008976103291307731,0.7443157664752356,0.0022174587922241112,0.9789473684210527,32.19920026747731,At Risk
Dindigul Thalappakatti - Since 1957,109414.31,327,4.349052841475574,2025-08-31,Chennai,Tamil Nadu,0.20639339418269492,1,0.02573549359161089,0.6895444436162381,0.024096385542168672,1.0,32.19768076299495,At Risk
Pikwik Since 1991,129362.0,295,4.349085764040051,2025-08-28,New Delhi,Delhi,0.24402166643706646,4,0.030432569296306233,0.6895643860581995,0.021731096163796287,0.9842105263157894,32.18096154003206,At Risk
Shree Gangaur,61722.0,188,4.383919803600654,2025-08-31,Ranchi,Jharkhand,0.11642913139738575,1,0.014505401756325781,0.7106646807419095,0.013822159804863626,1.0,32.17659968860759,At Risk
City Nation Cafe,37324.0,181,4.399999999999999,2025-08-30,Patna,Bihar,0.07040602864903965,2,0.008760413086301488,0.720405063622505,0.013304752753344666,0.9947368421052631,32.17603190824674,At Risk
Ghee and Turmeric,3157.0,9,4.469333333333333,2025-08-17,Chandigarh,Punjab,0.005955198597283737,15,0.000715121345637502,0.7624028848109448,0.0005913223445930963,0.9263157894736842,32.17567573978255,At Risk
Royal The City Club Restaurant,35346.0,157,4.399999999999999,2025-08-31,Patna,Bihar,0.06667483358238549,1,0.008294654106495438,0.720405063622505,0.011530785719565378,1.0,32.174553787326275,At Risk
Puneet Misthan Bhandar,12858.0,123,4.414399999999999,2025-08-31,Jaipur,Rajasthan,0.024254654280606365,1,0.0029994124796610144,0.7291276880231812,0.009017665755044719,1.0,32.17416045498277,At Risk
Biryani Paradise,6249.0,37,4.433333333333333,2025-08-28,Patna,Bihar,0.011787784616542944,4,0.001443193522361623,0.740596323809255,0.0026609505506689332,0.9842105263157894,32.17094172934339,At Risk
Machhli Baba Fries,37721.0,133,4.410992509363295,2025-08-27,Kolkata,West Bengal,0.0711549085486664,5,0.008853894539781268,0.7270636421222929,0.009756818685786088,0.9789473684210527,32.15067510318628,At Risk
Nandhana Palace,32699.09,131,4.401707724016096,2025-08-31,Bengaluru,Karnataka,0.061681841907017636,1,0.007671387119013923,0.7214394966205906,0.009608988099637814,1.0,32.142220145371034,At Risk
Zam Zam Biryani,4770.0,34,4.423684210526316,2025-08-31,Guwahati,Assam,0.008997876879646318,1,0.0010949339009596259,0.7347514853341441,0.002439204671446522,1.0,32.13512600949164,At Risk
Sherowali Bhoj- Non Veg Hotel & Restaurant,5250.0,28,4.438148148148148,2025-08-26,Agartala,Tripura,0.009903323609673621,6,0.0012079593358973939,0.7435128391695636,0.0019957129130017,0.9736842105263158,32.13045991204599,At Risk
Sri Ganga veg restaurant,28980.0,165,4.3998109640831755,2025-08-31,Chennai,Tamil Nadu,0.054666346325398386,1,0.006795654275633291,0.7202905574210687,0.012122108064158473,1.0,32.122985054940564,At Risk
Madras Cafe,31351.0,122,4.407857988165682,2025-08-29,Shillong,Meghalaya,0.05913887590226241,3,0.00735395283029464,0.7251649441304364,0.008943750461970582,0.9894736842105263,32.12271828846956,At Risk
Apna Cafe,9970.0,102,4.4173076923076895,2025-08-30,Jaipur,Rajasthan,0.01880688312160876,2,0.0023193761127854443,0.7308889871810091,0.007465444600487841,0.9947368421052631,32.11612197300408,At Risk
Mayur Hotel & Restaurant,32019.0,177,4.396760710553814,2025-08-31,Shimla,Himachal Pradesh,0.060398955934883744,1,0.007511246560583034,0.718442903541662,0.013009091581048118,1.0,32.11391880029414,At Risk
The Retro Rolls,16216.0,82,4.415249837767683,2025-08-30,Dehradun,Uttarakhand,0.03058900869608903,2,0.003790119584913148,0.7296424668876962,0.0059871387390051,0.9947368421052631,32.107989985860144,At Risk
Samoxa,3220.0,22,4.473018292682927,2025-08-14,Imphal,Manipur,0.006074038480599821,18,0.000729955933973084,0.7646350040011027,0.0015522211545568776,0.9105263157894736,32.10455593837788,At Risk
Mr Bhatura,40183.0,235,4.38637901861252,2025-08-31,New Delhi,Delhi,0.07579909573476479,1,0.00943362083314957,0.7121543202467016,0.017296178579348065,1.0,32.087898012313985,At Risk
Winni Cakes & More,24672.97,89,4.416830294530155,2025-08-27,Patna,Bihar,0.046541791680336946,5,0.005781479402633262,0.7305998092988455,0.006504545790524059,0.9789473684210527,32.068818055091704,At Risk
One Bite,5659.0,23,4.445406824146982,2025-08-22,Imphal,Manipur,0.01067483967755105,10,0.0013042664252506167,0.7479096936406768,0.001626136447631015,0.9526315789473684,32.04829998465663,At Risk
Tunday Kababi,3380.0,19,4.429170305676855,2025-08-28,Lucknow,Uttar Pradesh,0.006375854057275588,4,0.00076763107895234,0.7380746205719584,0.0013304752753344668,0.9842105263157894,32.04165862898143,At Risk
Ice & Spice,54151.0,237,4.376284584980237,2025-08-31,Shimla,Himachal Pradesh,0.10214759557855928,1,0.012722660989838612,0.7060397401694822,0.01744400916549634,1.0,32.03897882798794,At Risk
Baskin Robbins Happyness Shakes,21049.6,89,4.40449438202247,2025-08-31,Kolkata,West Bengal,0.039706857267463966,1,0.00492828571473647,0.7231274807263364,0.006504545790524059,1.0,32.02104676619003,At Risk
4 Seasons,24030.0,125,4.399999999999999,2025-08-31,Imphal,Manipur,0.04532892692199183,1,0.005630079477837561,0.720405063622505,0.009165496341192993,1.0,32.02066501461252,At Risk
Makhani Darbar,352847.0,1158,4.145299519020551,2025-08-31,Hyderabad,Telangana,0.6655920048957158,1,0.08305650539436259,0.5661233531881167,0.08551999408677655,1.0,32.01636069315354,At Risk
Beekays,34232.0,97,4.395660377358491,2025-08-31,Shimla,Himachal Pradesh,0.06457344262978046,1,0.008032340909577369,0.7177763901264953,0.007095868135117155,1.0,31.996502702880292,At Risk
Wooden Spoon Restaurant,37064.0,181,4.387165775401068,2025-08-31,Ranchi,Jharkhand,0.06991557833694154,1,0.008699190975710197,0.7126308885773396,0.013304752753344666,1.0,31.992989351415492,At Risk
Asia Seven - Sizzling Chinese,4978.0,20,4.465254237288136,2025-08-14,Bhubaneswar,Odisha,0.009390237129324816,18,0.0011439115894326586,0.7599320221236852,0.0014043905684086038,0.9105263157894736,31.97706809655077,At Risk
Taste Buds,1060.0,9,4.427272727272727,2025-08-28,Aizawl,Mizoram,0.0019995281954769597,4,0.0002213414767531287,0.7369251855934826,0.0005913223445930963,0.9842105263157894,31.970540936924362,At Risk
Srinidhi Sagar Deluxe,37151.0,234,4.381064985111228,2025-08-31,Bengaluru,Karnataka,0.07007969055675899,1,0.008719676835792669,0.7089354092547313,0.017222263286273926,1.0,31.961294616799123,At Risk
Clique,25704.0,103,4.399999999999998,2025-08-30,Imphal,Manipur,0.048486672392962046,2,0.006024255682183026,0.7204050636225046,0.007539359893561978,0.9947368421052631,31.95127775488633,At Risk
Kanji Sweets & Restaurant,44099.5,223,4.377720207253886,2025-08-31,Jaipur,Rajasthan,0.0831869751475813,1,0.01035583774134492,0.7069093508551969,0.01640919506245842,1.0,31.949697936558874,At Risk
Sambharsa,37080.0,140,4.402235597592433,2025-08-26,Jaipur,Rajasthan,0.06994575989460912,6,0.008702958490208124,0.721759249602357,0.010274225737305048,0.9736842105263158,31.943222447688296,At Risk
Cloud Kitchen,15425.0,121,4.399999999999999,2025-08-31,Jaipur,Rajasthan,0.029096907938898207,1,0.003603863086921952,0.720405063622505,0.008869835168896445,1.0,31.933703135529957,At Risk
Slurppy Yummy,2370.0,12,4.470588235294119,2025-08-12,Kohima,Nagaland,0.004470643229509806,20,0.0005298067262707869,0.7631630263709175,0.0008130682238155074,0.9,31.93234442465467,At Risk
Kaushal Punjabi Rasoi,19064.0,95,4.399999999999998,2025-08-31,Shimla,Himachal Pradesh,0.035961325960917695,1,0.004460737165543904,0.7204050636225046,0.006948037548968881,1.0,31.92954214627627,At Risk
Shiv Bhandar,10809.0,47,4.406896551724136,2025-08-31,Lucknow,Uttar Pradesh,0.020389528551802316,1,0.0025169351542704177,0.7245825657301084,0.003400103481410304,1.0,31.906156447702273,At Risk
Bunk Restro & Cafe,16228.0,95,4.399999999999998,2025-08-31,Patna,Bihar,0.030611644864339718,1,0.003792945220786593,0.7204050636225046,0.006948037548968881,1.0,31.902830468485977,At Risk
Dhabha PB03,14947.0,89,4.399999999999999,2025-08-31,Chandigarh,Punjab,0.028195233903579354,1,0.003491308591296425,0.720405063622505,0.006504545790524059,1.0,31.881895168137493,At Risk
Chinese Hut,12936.0,101,4.399999999999998,2025-08-31,Jaipur,Rajasthan,0.0244017893742358,1,0.0030177791128384013,0.7204050636225046,0.007391529307413704,1.0,31.880693659336945,At Risk
Kalash Cloud Kitchen,29183.0,104,4.3999999999999995,2025-08-28,Ranchi,Jharkhand,0.05504927483830577,4,0.0068434546158257226,0.7204050636225059,0.007613275186636115,0.9842105263157894,31.880260860198824,At Risk
Etho Metho,20936.0,75,4.399999999999999,2025-08-30,Gangtok,Sikkim,0.03949256820802417,2,0.004901536361801198,0.720405063622505,0.00546973168748614,0.9947368421052631,31.864976417949553,At Risk
Shri Ram Dhaba,18401.0,91,4.399999999999999,2025-08-30,Jaipur,Rajasthan,0.03471067766506748,2,0.004304620783536112,0.720405063622505,0.006652376376672333,0.9947368421052631,31.86475268860267,At Risk
Rominus Pizza And Burger,45663.0,213,4.381587397758255,2025-08-28,Jaipur,Rajasthan,0.08613627923590982,4,0.010723994548689084,0.7092518543451605,0.01567004213171705,0.9842105263157894,31.862021518094615,At Risk
Rangoli Ice Cream,12750.0,46,4.414893617021277,2025-08-27,Ahmedabad,Gujarat,0.024050928766350222,5,0.002973981756800017,0.7294266905144582,0.003326188188336167,0.9789473684210527,31.857757433683,At Risk
Green Chilly,12925.0,119,4.399999999999999,2025-08-30,Dehradun,Uttarakhand,0.024381039553339343,2,0.0030151889466210778,0.720405063622505,0.00872200458274817,0.9947368421052631,31.854567979247587,At Risk
Urban Tadka,82700.0,210,4.35558613098514,2025-08-30,Mumbai,Maharashtra,0.15600092619428732,2,0.019445084202418476,0.6935019040671286,0.01544829625249464,0.9947368421052631,31.839194836213125,At Risk
Chhote Lal Restaurant,12860.0,70,4.399999999999998,2025-08-31,Lucknow,Uttar Pradesh,0.024258426975314815,1,0.0029998834189732555,0.7204050636225046,0.005100155222115456,1.0,31.834150349876378,At Risk
Treat,13335.0,64,4.3999999999999995,2025-08-31,Gangtok,Sikkim,0.025154441968570997,1,0.003111731505630421,0.7204050636225059,0.004656663463670633,1.0,31.829754438173808,At Risk
FAT TIGER,13579.0,61,4.399999999999999,2025-08-31,Dehradun,Uttarakhand,0.025614710723001543,1,0.0031691861017237866,0.720405063622505,0.0044349175844482225,1.0,31.827617704433063,At Risk
Suruchi,15924.0,115,4.405844362096348,2025-08-27,Agartala,Tripura,0.030038195268655758,5,0.0037213624453260063,0.7239452146938938,0.008426343410451622,0.9789473684210527,31.82521149104941,At Risk
Momo Cafe - Courtyard by Marriott,22285.0,75,4.399999999999999,2025-08-29,Raipur,Chhattisgarh,0.04203725078887174,3,0.00521918492790755,0.720405063622505,0.00546973168748614,0.9894736842105263,31.825050781646443,At Risk
Sagar Ratna,5075.0,16,4.430331753554502,2025-08-23,New Delhi,Delhi,0.009573212822684501,9,0.0011667521460763327,0.7387781534606854,0.0011087293961120556,0.9578947368421052,31.81113664600691,At Risk
Pizza Jalapenia (Downtown),1416.0,3,4.525249169435216,2025-07-22,Srinagar,Jammu and Kashmir,0.0026710678535805422,41,0.0003051686743319732,0.7962732206697276,0.00014783058614827407,0.7894736842105263,31.798096820893335,At Risk
Steamin Mugs Cafe & Restaurant,36995.0,155,4.37850327966607,2025-08-31,Agartala,Tripura,0.06978542036950011,1,0.008682943569437895,0.7073836874197812,0.011382955133417104,1.0,31.79648746803929,At Risk
Salam Namaste Hotel & Restaurant,19323.0,106,4.399999999999999,2025-08-28,Ranchi,Jharkhand,0.036449889925661595,4,0.0045217238064790746,0.720405063622505,0.007761105772784389,0.9842105263157894,31.7903482395479,At Risk
Black Box Cafe,13907.0,101,4.399999999999998,2025-08-29,Dehradun,Uttarakhand,0.026233432655186864,3,0.0032464201489312613,0.7204050636225046,0.007391529307413704,0.9894736842105263,31.784576142885925,At Risk
Aloo Pitika,8820.0,60,4.3999999999999995,2025-08-31,Guwahati,Assam,0.016637583664251682,1,0.002048586008247042,0.7204050636225059,0.0043610022913740856,1.0,31.781315394832543,At Risk
Laxmi Food Court,9155.0,55,4.4,2025-08-31,Jaipur,Rajasthan,0.017269510027916574,1,0.00212746834304736,0.7204050636225063,0.0039914258260034,1.0,31.777079158917154,At Risk
Gwalia Sweets & Dairy Products,25724.0,93,4.396750524109014,2025-08-28,Ahmedabad,Gujarat,0.04852439934004652,4,0.006028965075305434,0.7184367332269419,0.006800206962820608,0.9842105263157894,31.772370002234783,At Risk
Sree Vishnu Bhavan,12164.0,66,4.411344395529969,2025-08-26,Chennai,Tamil Nadu,0.022945529216775222,6,0.002835996538313492,0.7272767928767165,0.004804494049818907,0.9736842105263158,31.764675634093575,At Risk
K7 Hotel,7755.0,54,4.4,2025-08-31,Ranchi,Jharkhand,0.014628623732003604,1,0.0017978108244788697,0.7204050636225063,0.003917510532929263,1.0,31.76241455231293,At Risk
Nakama Cafe,11790.0,63,4.399999999999998,2025-08-30,Imphal,Manipur,0.022240035306295616,2,0.002747930886924481,0.7204050636225046,0.004582748170596496,0.9947368421052631,31.76109252861668,At Risk
Mast Biryani,19046.0,67,4.392930016108824,2025-08-31,Guwahati,Assam,0.03592737170854167,1,0.004456498711733738,0.7161225070946204,0.004878409342893044,1.0,31.759503348165826,At Risk
CAKE AND ICE PARLOUR,8750.0,45,4.4,2025-08-31,Agartala,Tripura,0.016505539349456033,1,0.002032103132318618,0.7204050636225063,0.0032522728952620295,1.0,31.758481491873177,At Risk
Mr Choco Bakery,27476.0,65,4.3999999999999995,2025-08-27,Lucknow,Uttar Pradesh,0.051829279904646176,5,0.006441507912828286,0.7204050636225059,0.00473057875674477,0.9789473684210527,31.753897484533727,At Risk
Lo! - Low Carb and Keto Foods,18371.44,79,4.403454894433781,2025-08-27,Bengaluru,Karnataka,0.03465491723727663,5,0.004297660300501194,0.7224978237954129,0.005765392859782689,0.9789473684210527,31.751622667288615,At Risk
Burger Singh(Big Punjabi Burgers),32661.8,150,4.3901499855783115,2025-08-27,Bhubaneswar,Odisha,0.061611500014178644,5,0.007662606455537195,0.7144385375015596,0.011013378668046418,0.9789473684210527,31.749401640839732,At Risk
The Sweet Cafe,13770.0,78,4.399999999999998,2025-08-29,Aizawl,Mizoram,0.025975003067658237,3,0.003214160806042773,0.7204050636225046,0.005691477566708552,0.9894736842105263,31.74928473435628,At Risk
Snacks Point,3754.0,19,4.418181818181819,2025-08-26,Imphal,Manipur,0.007081347967755195,6,0.0008556967303413508,0.7314184782698243,0.0013304752753344668,0.9736842105263158,31.740233828078228,At Risk
La Pino'Z Pizza,18121.0,57,4.3999999999999995,2025-08-28,Dehradun,Uttarakhand,0.03418250040588489,4,0.004238689279822415,0.7204050636225059,0.004139256412151674,0.9842105263157894,31.706589871269003,At Risk
Idlygo Plus,4631.0,35,4.400000000000001,2025-08-31,Kolkata,West Bengal,0.008735674597409246,1,0.0010622036187588975,0.7204050636225068,0.0025131199645206594,1.0,31.70490245271597,At Risk
Friends Corner,21547.0,86,4.392479674796748,2025-08-29,Panaji,Goa,0.04064512644145476,3,0.005045408321690732,0.7158497183364712,0.006282799911301648,0.9894736842105263,31.69770072329306,At Risk
Frozzeto,11434.0,22,4.400000000000002,2025-08-30,Guwahati,Assam,0.021568495648192035,2,0.0026641036893456367,0.7204050636225072,0.0015522211545568776,0.9947368421052631,31.697128900392812,At Risk
Food Hub,3680.0,30,4.400000000000001,2025-08-31,Aizawl,Mizoram,0.006941758263542652,1,0.0008382719757884449,0.7204050636225068,0.0021435434991499743,1.0,31.688553657689745,At Risk
ZAZA Mughal Biryani,50744.0,182,4.371018945212494,2025-08-28,Mumbai,Maharashtra,0.09572081014271966,4,0.011920415871436583,0.7028501430914771,0.013378668046418803,0.9842105263157894,31.671999551688046,At Risk
Darjeeling Momos,8799.0,49,4.3999999999999995,2025-08-29,Jaipur,Rajasthan,0.016597970369812986,3,0.002043641145468515,0.7204050636225059,0.0035479340675585776,0.9894736842105263,31.659593077950348,At Risk
Steam And Sizzle Cafe,9319.0,43,4.4,2025-08-29,Chandigarh,Punjab,0.017578870994009232,3,0.002166085366651097,0.7204050636225063,0.0031044423091137557,0.9894736842105263,31.65562101162877,At Risk
Rice Express By Shero,17444.0,61,4.399999999999999,2025-08-27,Lucknow,Uttar Pradesh,0.032905443247075554,5,0.004079276322628938,0.720405063622505,0.0044349175844482225,0.9789473684210527,31.653494997479804,At Risk
Cake Celebration,2833.0,10,4.4,2025-08-31,Jaipur,Rajasthan,0.0053440220545153076,1,0.0006388291770545087,0.7204050636225063,0.0006652376376672333,1.0,31.651009828510713,At Risk
SGS Fast Food,11880.0,59,4.3999999999999995,2025-08-28,Agartala,Tripura,0.022409806568175736,4,0.0027691231559753126,0.7204050636225059,0.004287086998299948,0.9842105263157894,31.65076383803808,At Risk
Pind Balluchi,47288.0,145,4.371748878923767,2025-08-29,Raipur,Chhattisgarh,0.08920159368652308,3,0.011106632739884654,0.7032922915359783,0.010643802202675733,0.9894736842105263,31.65064694183351,At Risk
Gangaur Next,40431.0,160,4.367760934633581,2025-08-31,Ranchi,Jharkhand,0.07626690987861222,1,0.009492017307867416,0.7008766429127764,0.011752531598787789,1.0,31.64103061167374,At Risk
Classic 11,6306.0,47,4.400000000000001,2025-08-29,Bhubaneswar,Odisha,0.011895306415733685,3,0.0014566152927604828,0.7204050636225068,0.003400103481410304,0.9894736842105263,31.633155432119093,At Risk
Kabab E Biryani,11991.0,46,4.4,2025-08-28,Ranchi,Jharkhand,0.022619191124494547,4,0.002795260287804671,0.7204050636225063,0.003326188188336167,0.9842105263157894,31.632591347111994,At Risk
Tasty Bite,2860.0,32,4.4,2025-08-30,Kolkata,West Bengal,0.005394953433079344,2,0.0006451868577697582,0.7204050636225063,0.002291374085298248,0.9947368421052631,31.631155285744576,At Risk
Maa Sagar Sweets And Food Court,736.0,9,4.4,2025-08-31,Ranchi,Jharkhand,0.0013883516527085306,1,0.00014504930817013542,0.7204050636225063,0.0005913223445930963,1.0,31.629780327893858,At Risk
Elite Kitchen,20192.0,93,4.399999999999998,2025-08-25,Aizawl,Mizoram,0.03808912577648185,7,0.004726346937647658,0.7204050636225046,0.006800206962820608,0.968421052631579,31.621420451753245,At Risk
JBs,12871.0,47,4.4073964497041445,2025-08-25,Guwahati,Assam,0.02427917679621127,7,0.003002473585190579,0.7248853728355438,0.003400103481410304,0.968421052631579,31.618872724417933,At Risk
Tihar Flavours of Jail,32562.0,117,4.37695752895753,2025-08-30,Agartala,Tripura,0.06142324254822713,2,0.007639106583856385,0.7064473677775815,0.008574173996599896,0.9947368421052631,31.617837197666333,At Risk
Blossom Cafe,8266.0,56,4.3999999999999995,2025-08-28,Guwahati,Assam,0.015592547230011838,4,0.0019181358187563685,0.7204050636225059,0.004065341119077537,0.9842105263157894,31.612289426964875,At Risk
Hotel Shagun,9920.0,56,4.395348837209302,2025-08-29,Patna,Bihar,0.018712565753897584,3,0.002307602629979427,0.7175876784801689,0.004065341119077537,0.9894736842105263,31.595978124091058,At Risk
Hanglaatherium,13192.0,42,4.4005195599022,2025-08-27,Kolkata,West Bengal,0.02488469429691703,5,0.0030780593448052115,0.7207197806975438,0.0030305270160396183,0.9789473684210527,31.594800019249842,At Risk
Mr. Bakers,4528.0,31,4.400000000000001,2025-08-29,Chandigarh,Punjab,0.00854138081992422,3,0.0010379502441785014,0.7204050636225068,0.0022174587922241112,0.9894736842105263,31.59275593639209,At Risk
Grill's,10125.0,27,4.405904617713854,2025-08-26,Srinagar,Jammu and Kashmir,0.01909926696151341,6,0.002355873909484099,0.7239817137994176,0.001921797619927563,0.9736842105263158,31.5889644280236,At Risk
Chahat Biryani,12796.0,68,4.389549009818606,2025-08-30,Lucknow,Uttar Pradesh,0.024137700744644504,2,0.0029848133609815526,0.7140745037636553,0.004952324635967181,0.9947368421052631,31.5880425611209,At Risk
Home Kitchen,5196.0,22,4.400000000000002,2025-08-29,Guwahati,Assam,0.00980146085254555,3,0.001195243974466895,0.7204050636225072,0.0015522211545568776,0.9894736842105263,31.58574293285029,At Risk
Tiffinette,6624.0,33,4.395141700404858,2025-08-30,Hyderabad,Telangana,0.012495164874376774,2,0.0015314946434067543,0.7174622078867854,0.002365289378372385,0.9947368421052631,31.579800230959908,At Risk
Cake Town,5111.0,18,4.400000000000001,2025-08-29,Jaipur,Rajasthan,0.009641121327436547,3,0.0011752290536966652,0.7204050636225068,0.0012565599822603295,0.9894736842105263,31.579029112573544,At Risk
Satnam Punjabi Vaishno Dhaba,5084.0,53,4.4,2025-08-28,Dehradun,Uttarakhand,0.009590189948872513,4,0.0011688713729814159,0.7204050636225063,0.003843595239855126,0.9842105263157894,31.577883931549444,At Risk
Ovenfresh Cakes and Desserts,5861.0,29,4.412121212121211,2025-08-24,Bengaluru,Karnataka,0.011055881843104208,8,0.0013518312957869275,0.7277473400540506,0.002069628206075837,0.9631578947368421,31.559464964942936,At Risk
Purple Restaurant & lounge bar,6578.0,31,4.400000000000001,2025-08-28,Gangtok,Sikkim,0.012408392896082492,4,0.0015206630392252183,0.7204050636225068,0.0022174587922241112,0.9842105263157894,31.55943286924659,At Risk
Rattan's Veg & Non Veg,13710.0,61,4.422186932849365,2025-08-18,Srinagar,Jammu and Kashmir,0.025861822226404825,14,0.003200032626675552,0.7338445276397301,0.0044349175844482225,0.9315789473684211,31.5478249596321,At Risk
Cafe Coffee Day,366205.0,1158,4.11255944492087,2025-08-31,Bengaluru,Karnataka,0.690789832853434,1,0.08620190906081822,0.5462914525477136,0.08551999408677655,1.0,31.547219820599672,At Risk
ABC Fast Food,13250.0,59,4.395984746523105,2025-08-27,Imphal,Manipur,0.024994102443461997,5,0.0030917165848601915,0.7179728727924739,0.004287086998299948,0.9789473684210527,31.538070271345152,At Risk
Mellow,25709.0,102,4.376566523605149,2025-08-30,Imphal,Manipur,0.04849610412973317,2,0.006025433030463628,0.7062105210534515,0.007465444600487841,0.9947368421052631,31.524010265884478,At Risk
The Cake Shop,4094.0,17,4.4,2025-08-28,Jaipur,Rajasthan,0.007722706068191201,4,0.0009357564134222698,0.7204050636225063,0.0011826446891861925,0.9842105263157894,31.5153403221537,At Risk
Vrindavan ki rasoi,1638.0,12,4.432960893854749,2025-08-17,Lucknow,Uttar Pradesh,0.00308983696621817,15,0.0003574429379906909,0.740370723136778,0.0008130682238155074,0.9263157894736842,31.504838670836122,At Risk
Chindam Cafe,4380.0,31,4.400000000000001,2025-08-27,Imphal,Manipur,0.008262201411499134,5,0.0010031007350726894,0.7204050636225068,0.0022174587922241112,0.9789473684210527,31.48609879813312,At Risk
"Greenox- Healthy Bites, Happy Lives",22040.0,78,4.375103734439835,2025-08-31,New Delhi,Delhi,0.04157509568708697,1,0.0051614948621580645,0.7053244543543951,0.005691477566708552,1.0,31.48002297645235,At Risk
Scholars,37030.0,160,4.359944808913881,2025-08-31,Bhubaneswar,Odisha,0.06985144252689793,1,0.008691185007402106,0.6961421200710123,0.011752531598787789,1.0,31.466961634402207,At Risk
Pizza town,2690.0,26,4.4,2025-08-27,Shimla,Himachal Pradesh,0.005074274382861341,5,0.0006051570162292987,0.7204050636225063,0.0018478823268534257,0.9789473684210527,31.46278952007196,At Risk
Cake Studio,6783.0,35,4.400000000000001,2025-08-26,Jaipur,Rajasthan,0.012795094103698317,6,0.0015689343187298898,0.7204050636225068,0.0025131199645206594,0.9736842105263158,31.462013785977973,At Risk
The Pizza Project by Oven Story,32844.0,77,4.384615384615383,2025-08-25,Lucknow,Uttar Pradesh,0.06195519250211817,7,0.007705509026882323,0.7110860204593901,0.005617562273634415,0.968421052631579,31.43736274664547,At Risk
Momo Junction,3753.0,29,4.400000000000001,2025-08-26,Jaipur,Rajasthan,0.007079461620400971,6,0.0008554612606852304,0.7204050636225068,0.002069628206075837,0.9736842105263158,31.42460502848729,At Risk
Sri Sindhu Bhavan,7335.0,82,4.3791310182855225,2025-08-31,Chennai,Tamil Nadu,0.013836357843229717,1,0.001698913568908323,0.70776393243362,0.0059871387390051,1.0,31.42061729054504,At Risk
ITC Aashirvaad Soul Creations,71277.0,296,4.337063563115488,2025-08-28,Hyderabad,Telangana,0.13445318036699175,4,0.01675531432055572,0.6822820844516424,0.021805011456870423,0.9842105263157894,31.416880598666808,At Risk
Cake Bake,4334.0,18,4.400000000000001,2025-08-26,Jaipur,Rajasthan,0.008175429433204852,6,0.0009922691308911534,0.7204050636225068,0.0012565599822603295,0.9736842105263158,31.413815978819216,At Risk
So Southy,13564.0,68,4.376485277286442,2025-08-31,Kolkata,West Bengal,0.02558641551268819,1,0.0031656540568819813,0.7061613070866448,0.004952324635967181,1.0,31.410511867593964,At Risk
hotel Toshali,51696.0,253,4.341224147568474,2025-08-31,Bhubaneswar,Odisha,0.09751661282394047,1,0.012144582984063155,0.6848023077482184,0.01862665385468253,1.0,31.402385628902728,At Risk
Sasuma,17635.0,127,4.368787560812745,2025-08-31,Ahmedabad,Gujarat,0.033265735591732244,1,0.004124251026947924,0.7014985092017172,0.009313326927341267,1.0,31.396191855676257,At Risk
Hotel Rimi International,23776.0,76,4.398444444444445,2025-08-21,Agartala,Tripura,0.04484979469401905,11,0.005570270185182992,0.7194628048137917,0.005543646980560278,0.9473684210526316,31.39125210195859,At Risk
GLOBO Ice Creams Of The World,13356.0,91,4.373333333333333,2025-08-31,Mumbai,Maharashtra,0.025194055263009694,1,0.003116676368408949,0.7042520554731064,0.006652376376672333,1.0,31.385276246463,At Risk
Sprouts Wale,1173.0,16,4.4,2025-08-26,Ahmedabad,Gujarat,0.0022126854465042206,6,0.00024794954789472825,0.7204050636225063,0.0011087293961120556,0.9736842105263158,31.38108658377638,At Risk
Costa Coffee,38477.68,134,4.38550724637681,2025-08-21,New Delhi,Delhi,0.07258226986466028,11,0.009032069719174415,0.7116262548456573,0.009830733978860225,0.9473684210526316,31.380369324240213,At Risk
The Thangapat Restaurant,18744.0,137,4.378034682080924,2025-08-27,Imphal,Manipur,0.03535769480756616,5,0.004385386875585392,0.707099840146844,0.010052479858082638,0.9789473684210527,31.378933960800914,At Risk
Brothers Bakery,5355.0,19,4.400000000000001,2025-08-25,Ranchi,Jharkhand,0.010101390081867093,7,0.0012326836497900304,0.7204050636225068,0.0013304752753344668,0.968421052631579,31.37227928648928,At Risk
Street Foods By Punjab Grill,15940.0,80,4.3951554404145075,2025-08-23,Lucknow,Uttar Pradesh,0.030068376826323337,9,0.0037251299598239323,0.7174705307300795,0.005839308152856826,0.9578947368421052,31.368854651773532,At Risk
Shakti - The Sandwich Shop,19086.0,75,4.370609756097561,2025-08-31,Ahmedabad,Gujarat,0.03600282560271061,1,0.004465917497978551,0.7026022817749209,0.00546973168748614,1.0,31.36609978691649,At Risk
CakeZone Patisserie,19347.0,77,4.378645235361654,2025-08-28,Chennai,Tamil Nadu,0.036495162262162956,4,0.004527375078225962,0.7074696753513168,0.005617562273634415,0.9842105263157894,31.359641772299124,At Risk
Parivaar Vegetarian,30553.0,137,4.36183249821045,2025-08-30,Hyderabad,Telangana,0.05763357071359202,2,0.007166048044710601,0.6972855648431753,0.010052479858082638,0.9947368421052631,31.35362688529797,At Risk
Premjees,104181.0,301,4.307339449541283,2025-08-31,Shimla,Himachal Pradesh,0.19652155371036334,1,0.02450320788553971,0.6642770651217247,0.02217458792224111,1.0,31.35193202751815,At Risk
Mamagoto,21125.0,46,4.400000000000001,2025-08-21,Aizawl,Mizoram,0.03984908785797243,11,0.004946040126807945,0.7204050636225068,0.003326188188336167,0.9473684210526316,31.350201488040565,At Risk
Elite Family Choice Restaurant,14535.0,68,4.372419627749577,2025-08-31,Patna,Bihar,0.02741805879363925,1,0.0033942950929748404,0.7036985894578347,0.004952324635967181,1.0,31.345775980173375,At Risk
Mr. Cake Wala,3204.0,12,4.3999999999999995,2025-08-25,Jaipur,Rajasthan,0.006043856922932244,7,0.0007261884194751584,0.7204050636225059,0.0008130682238155074,0.968421052631579,31.34167133624628,At Risk
The Food Court,33139.0,156,4.364030418250951,2025-08-28,Ranchi,Jharkhand,0.06251166497161412,4,0.007774972575437826,0.6986169281053978,0.01145687042649124,0.9842105263157894,31.340749417867166,At Risk
Chai Point,6677.0,37,4.381595598349381,2025-08-30,Bengaluru,Karnataka,0.012595141284150622,2,0.0015439745351811327,0.7092568217532329,0.0026609505506689332,0.9947368421052631,31.34005106607024,At Risk
Highway Kitchen,82470.0,297,4.3182544083398025,2025-08-31,Panaji,Goa,0.1555670663028159,1,0.019390926181510795,0.670888668312581,0.02187892674994456,1.0,31.339875631636755,At Risk
Itminaan Matka Biryani - Slow Cooked,21942.0,56,4.3835260115606935,2025-08-26,Mumbai,Maharashtra,0.041390233646373065,6,0.00513841883585827,0.7104261460157599,0.004065341119077537,0.9736842105263158,31.336470061551836,At Risk
Lacima Cafe & Pizzeria,12275.0,54,4.3825468164794,2025-08-28,Srinagar,Jammu and Kashmir,0.023154913773094036,4,0.0028621336701428503,0.7098330105359603,0.003917510532929263,0.9842105263157894,31.329931136701,At Risk
Frozen Bottle,17288.54,71,4.383536585365852,2025-08-26,Chennai,Tamil Nadu,0.03261219168738796,6,0.004042670209888468,0.7104325509692937,0.005174070515189593,0.9736842105263158,31.3150068530413,At Risk
I food u,20850.0,113,4.375324675324675,2025-08-27,Aizawl,Mizoram,0.039330342335560944,5,0.004881285971374848,0.7054582866011461,0.008278512824303348,0.9789473684210527,31.31404397758597,At Risk
Uncle Momos & Kitchen,900.0,7,4.3999999999999995,2025-08-25,Imphal,Manipur,0.001697712618801192,7,0.00018366633177387272,0.7204050636225059,0.0004434917584448222,0.968421052631579,31.312578923430813,At Risk
Cafe La,2877.0,23,4.400000000000002,2025-08-24,Aizawl,Mizoram,0.005427021338101144,8,0.0006491898419238041,0.7204050636225072,0.001626136447631015,0.9631578947368421,31.302221178673207,At Risk
Biryani Hub,333.0,3,4.4,2025-08-25,Guwahati,Assam,0.000628153668956441,7,5.015503675363448e-05,0.7204050636225063,0.00014783058614827407,0.968421052631579,31.301325248184085,At Risk
Pour Tous,22180.0,93,4.363698196773173,2025-08-31,Patna,Bihar,0.04183918431667827,1,0.005194460614014914,0.6984156889964748,0.006800206962820608,1.0,31.29625323371126,At Risk
Krishna Vaishno Dhaba,12145.0,62,4.37959221160911,2025-08-28,Srinagar,Jammu and Kashmir,0.022909688617044975,4,0.002831522614847205,0.7080432946654085,0.004508832877522359,0.9842105263157894,31.286841665264486,At Risk
Uss Da Dhaba,15430.0,62,4.399999999999999,2025-08-20,Dehradun,Uttarakhand,0.029106339675669324,12,0.0036050404352025536,0.720405063622505,0.004508832877522359,0.9421052631578948,31.26758281521265,At Risk
AnTeRa Courtyard,24605.0,59,4.362407602956705,2025-08-31,Hyderabad,Telangana,0.04641357665067036,1,0.005765474530106761,0.6976339275301631,0.004287086998299948,1.0,31.245378547075163,At Risk
Deja Vu,24299.0,90,4.368316831683168,2025-08-28,Imphal,Manipur,0.04583635436027796,4,0.005693420815333934,0.7012133707717338,0.006578461083598196,0.9842105263157894,31.23781244059523,At Risk
Cafe Delight,4458.0,24,4.4,2025-08-22,Jaipur,Rajasthan,0.008409336505128573,10,0.001021467368250077,0.7204050636225063,0.001700051740705152,0.9526315789473684,31.213327427692978,At Risk
BOSS Burger,9973.0,42,4.385537918871253,2025-08-25,Indore,Madhya Pradesh,0.018812542163671432,7,0.0023200825217538057,0.7116448343351336,0.0030305270160396183,0.968421052631579,31.186969397560745,At Risk
Kumar'S Sweet Shop (Jakhan),15217.0,113,4.367230169050716,2025-08-28,Dehradun,Uttarakhand,0.02870454768921971,4,0.003554885398448919,0.7005551381333222,0.008278512824303348,0.9842105263157894,31.166525079581582,At Risk
The Hayat,7793.0,42,4.4,2025-08-20,Srinagar,Jammu and Kashmir,0.014700304931464101,12,0.0018067586714114433,0.7204050636225063,0.0030305270160396183,0.9421052631578948,31.16608542743139,At Risk
Amritsari Restaurant Katora Talab,75508.54,286,4.315898251192369,2025-08-30,Raipur,Chhattisgarh,0.14243533465028282,2,0.017751713589215224,0.6694614548524402,0.021065858526129053,0.9947368421052631,31.16259778071703,At Risk
FOOD EXPRESS,7800.0,35,4.400000000000001,2025-08-20,Kolkata,West Bengal,0.014713509362943664,12,0.0018084069590042853,0.7204050636225068,0.0025131199645206594,0.9421052631578948,31.155803217904737,At Risk
Hotel Polo Towers,130189.0,264,4.288901680865761,2025-08-30,Agartala,Tripura,0.24558167569900935,2,0.030627302701917766,0.6531086115840075,0.019439722078498037,0.9947368421052631,31.15451331821953,At Risk
The Fisherman's Wharf,53010.0,124,4.337307455329636,2025-08-31,Hyderabad,Telangana,0.09999527324739022,1,0.012453990112205295,0.6824298191862441,0.009091581048118856,1.0,31.15288580103791,At Risk
Mad Over Shawarma,7191.0,29,4.400000000000001,2025-08-20,Aizawl,Mizoram,0.013564723824221525,12,0.0016650059384269926,0.7204050636225068,0.002069628206075837,0.9421052631578948,31.141197341912747,At Risk
RAM KRISHNA BHOJNALAY,1810.0,24,4.4,2025-08-21,Ahmedabad,Gujarat,0.00341428871114462,11,0.000397943718843391,0.7204050636225063,0.001700051740705152,0.9473684210526316,31.135754902769342,At Risk
Frys,7676.0,33,4.447148288973384,2025-08-03,Imphal,Manipur,0.014479602291019944,29,0.001779208721645362,0.7489645647231558,0.002365289378372385,0.8526315789473684,31.11372686760162,At Risk
Gokul Dham Ka Dhaba,43722.0,170,4.339052496798976,2025-08-30,Agartala,Tripura,0.08247487902136191,2,0.010266947946159486,0.6834868567765673,0.01249168452952916,0.9947368421052631,31.112485732786617,At Risk
"Frozen Bottle - Milkshakes, Desserts And Ice Cream",1791.0,10,4.396491228070175,2025-08-22,Chennai,Tamil Nadu,0.0033784481114143726,10,0.00039346979537710437,0.7182796678133743,0.0006652376376672333,0.9526315789473684,31.10374936844334,At Risk
Cafe Go Green,37770.0,193,4.342184557438795,2025-08-29,Guwahati,Assam,0.07124733956902336,3,0.008865432552931166,0.6853840643155453,0.01419173627023431,0.9894736842105263,31.094710799093555,At Risk
The Food Villa,6299.0,37,4.400000000000001,2025-08-19,Chandigarh,Punjab,0.011882101984254122,13,0.0014549670051676408,0.7204050636225068,0.0026609505506689332,0.9368421052631579,31.091990652526867,At Risk
RB Rolls And Fast Food,10830.0,63,4.399999999999998,2025-08-17,Chandigarh,Punjab,0.020429141846241013,15,0.0025218800170489454,0.7204050636225046,0.004582748170596496,0.9263157894736842,31.06783996750587,At Risk
Old Delhi Grillzz,9982.0,58,4.359329608938547,2025-08-31,Imphal,Manipur,0.018829519289859445,1,0.0023222017486588887,0.6957694701879467,0.004213171705225811,1.0,31.05023560968927,At Risk
Keventers Waffles & Ice Cream,18494.18,75,4.356097560975609,2025-08-30,Dehradun,Uttarakhand,0.03488644751153404,2,0.004326561846093407,0.6938116965472747,0.00546973168748614,0.9947368421052631,31.04417642506433,At Risk
Hungry Point,280.0,2,4.4,2025-08-20,Jaipur,Rajasthan,0.0005281772591825931,12,3.767514497925595e-05,0.7204050636225063,7.391529307413703e-05,0.9421052631578948,31.03618985191479,At Risk
Rupar Tori Hotel & Restaurant,54358.0,214,4.3251088534107405,2025-08-30,Agartala,Tripura,0.10253806948088355,2,0.012771403208655526,0.6750406648284741,0.015743957424791188,0.9947368421052631,31.024323642748897,At Risk
Mithaas,86936.38,453,4.285740869969761,2025-08-31,New Delhi,Delhi,0.16399221039877288,1,0.020442623144213603,0.6511939889279397,0.03340971246950994,1.0,31.021718842996936,At Risk
Big Bowl,129547.25,670,4.245579097102643,2025-08-31,Bengaluru,Karnataka,0.2443711122844364,1,0.03047619005010253,0.6268664847623064,0.04944933106659768,1.0,31.01402876620525,At Risk
Nazim Khan Kathi Roll,11216.0,72,4.3553467393347125,2025-08-31,Dehradun,Uttarakhand,0.0211572719249713,1,0.0026127713043114,0.6933568954941189,0.0052479858082637295,1.0,31.010177433161303,At Risk
Club Shawaya,8860.0,31,4.37634194831014,2025-08-25,Kochi,Kerala,0.016713037558420622,7,0.002058004794491856,0.7060744873070601,0.0022174587922241112,0.968421052631579,30.993114513151752,At Risk
Adda,5717.0,43,4.4,2025-08-17,Guwahati,Assam,0.010784247824096017,15,0.0013179236653055972,0.7204050636225063,0.0031044423091137557,0.9263157894736842,30.990115596206536,At Risk
KASTURI DHABA AND RESTAURANT,3803.0,18,4.400000000000001,2025-08-18,Guwahati,Assam,0.007173778988112148,14,0.0008672347434912479,0.7204050636225068,0.0012565599822603295,0.9315789473684211,30.98776197174427,At Risk
Bengaluru Central Cafe,21972.0,135,4.345737855178735,2025-08-30,Bengaluru,Karnataka,0.04144682406699977,2,0.005145482925541881,0.6875364310911887,0.009904649271934362,0.9947368421052631,30.977373656248652,At Risk
Shyamasree Restaurant,10879.0,60,4.354689754689756,2025-08-31,Agartala,Tripura,0.020521572866597965,1,0.0025334180301988425,0.6929589350569683,0.0043610022913740856,1.0,30.977324818744485,At Risk
Otssi ohan,5253.0,22,4.383098591549294,2025-08-23,Kohima,Nagaland,0.009908982651736292,9,0.0012086657448657548,0.7101672415559843,0.0015522211545568776,0.9578947368421052,30.96335566798635,At Risk
Rasoi Restaurant,14514.0,68,4.35702479338843,2025-08-29,Gangtok,Sikkim,0.027378445499200557,3,0.0033893502301963136,0.6943733562743,0.004952324635967181,0.9894736842105263,30.96055803226146,At Risk
Singju Imphal,1180.0,15,4.426130653266331,2025-08-09,Imphal,Manipur,0.0022258898779837855,23,0.00024959783548757073,0.736233388191013,0.0010348141030379187,0.8842105263157894,30.959787104368548,At Risk
Ghar ka Khana by EatFit,38803.0,143,4.332460732984293,2025-08-31,New Delhi,Delhi,0.07319593638593629,1,0.009108672707703486,0.6794939762284113,0.010495971616527459,1.0,30.959085627491028,At Risk
Little Chef,5715.0,36,4.36923076923077,2025-08-27,Chandigarh,Punjab,0.01078047512938757,5,0.0013174527259933564,0.701766977296276,0.0025870352575947963,0.9789473684210527,30.946921817290434,At Risk
Wow! Chicken By Wow! Momo,45605.8,200,4.32578246048962,2025-08-30,Kolkata,West Bengal,0.08602838016724824,2,0.010710525684359004,0.6754486941022728,0.014709143321753269,0.9947368421052631,30.933433137930244,At Risk
Middle East Cafe,9660.0,37,4.354098360655737,2025-08-31,Imphal,Manipur,0.018222115441799462,1,0.0022463805193881363,0.6926007053325556,0.0026609505506689332,1.0,30.921095391765576,At Risk
M/S Girija Hotel,990.0,4,4.459411362080767,2025-07-28,Bhubaneswar,Odisha,0.0018674838806813112,35,0.0002048586008247042,0.7563927717171648,0.0002217458792224111,0.8210526315789474,30.914938728921854,At Risk
Raja Sri Tiffins,4150.0,66,4.35699713894763,2025-08-30,Hyderabad,Telangana,0.00782834152002772,2,0.0009489427141650093,0.6943566049340149,0.004804494049818907,0.9947368421052631,30.912114158636054,At Risk
"Ovenfresh Pizzas, Cakes & Desserts",17582.0,49,4.353948462177889,2025-08-29,Chennai,Tamil Nadu,0.0331657591819584,3,0.004111771135173546,0.6925099061575204,0.0035479340675585776,0.9894736842105263,30.905463553588987,At Risk
Pizza Wings,10089.0,38,4.372254335260117,2025-08-24,Lucknow,Uttar Pradesh,0.019031358456761363,8,0.0023473970018637663,0.7035984655479872,0.0027348658437430706,0.9631578947368421,30.88812611075745,At Risk
Brew Cafe,2630.0,25,4.365517241379311,2025-08-28,Guwahati,Assam,0.0049610935416079275,4,0.0005910288368620776,0.6995175530844895,0.0017739670337792888,0.9842105263157894,30.88675234984265,At Risk
Poirei Com Cake Shop,39687.0,62,4.343181818181818,2025-08-28,Imphal,Manipur,0.0748634674470699,4,0.009316827883713874,0.6859881428496375,0.004508832877522359,0.9842105263157894,30.88459932154602,At Risk
Octopus Bakes and Bistro,16264.0,84,4.344444444444444,2025-08-31,Kochi,Kerala,0.030679553369091762,1,0.003801422128406925,0.6867529633112568,0.0061349693251533735,1.0,30.877345170977044,At Risk
McCafe by McDonald's,34807.72,188,4.337910447761193,2025-08-27,Chennai,Tamil Nadu,0.06565945052855403,5,0.008167905499998976,0.6827950744985305,0.013822159804863626,0.9789473684210527,30.876485335263677,At Risk
Krishna Cafe,26292.0,102,4.337158469945354,2025-08-31,Chandigarh,Punjab,0.04959584463724549,1,0.006162711839981792,0.6823395731065025,0.007465444600487841,1.0,30.866004558804107,At Risk
Shakti Sweets Since 1966,30470.0,94,4.352845070422534,2025-08-25,Srinagar,Jammu and Kashmir,0.05747700388319148,7,0.007146504063252614,0.6918415400569118,0.0068741222558947445,0.968421052631579,30.86279933567114,At Risk
Boketto Cafe And Restaurant,4878.0,21,4.423943661971831,2025-08-07,Imphal,Manipur,0.00920160239390246,25,0.0011203646238206236,0.7349086448834106,0.0014783058614827407,0.8736842105263158,30.858482153947953,At Risk
City Dhaba,38794.0,146,4.329464285714286,2025-08-30,Imphal,Manipur,0.07317895925974828,2,0.009106553480798404,0.6776789148344737,0.01071771749574987,0.9947368421052631,30.856352355233774,At Risk
Chinese Fast Food,26932.0,129,4.348484848484849,2025-08-26,Jaipur,Rajasthan,0.050803106943948566,6,0.006313412419898816,0.6892003887884388,0.00946115751348954,0.9736842105263158,30.85461341598206,At Risk
HNESHEL BURI,4308.0,26,4.353973509933775,2025-08-31,Kolkata,West Bengal,0.008126384401995038,1,0.0009861469198320242,0.6925250785302062,0.0018478823268534257,1.0,30.852155879236538,At Risk
A Pizza House,7331.0,60,4.349275362318839,2025-08-31,Jaipur,Rajasthan,0.013828812453812822,1,0.0016979716902838415,0.6896792329035386,0.0043610022913740856,1.0,30.845515900544996,At Risk
Radha Krishna,80550.0,420,4.281956797966963,2025-08-31,Mumbai,Maharashtra,0.1519452793827067,1,0.018938824441759722,0.6489018334567231,0.030970507798063415,1.0,30.84401813733335,At Risk
Hira Sweets,157363.35,637,4.223781268963657,2025-08-31,New Delhi,Delhi,0.296841938924254,1,0.037026037551711785,0.6136627161784971,0.047010126395151154,1.0,30.831125515326406,At Risk
Mani's Cafe,14845.0,107,4.346492985971944,2025-08-29,Mumbai,Maharashtra,0.028002826473448553,3,0.0034672906863721493,0.6879938423608096,0.007835021065858526,0.9894736842105263,30.82994416170161,At Risk
Aurora Restaurant & Lodging,17560.0,98,4.356909413854352,2025-08-25,Kohima,Nagaland,0.033124259540165485,7,0.004106590802738899,0.6943034665285159,0.007169783428191292,0.968421052631579,30.82097382284465,At Risk
MP Dhaba,28575.0,134,4.333562166285279,2025-08-30,Raipur,Chhattisgarh,0.053902375646937846,2,0.0067002890649045495,0.6801611560191678,0.009830733978860225,0.9947368421052631,30.816829343801054,At Risk
Mezang Traditional Restaurant,11722.0,53,4.351446398184911,2025-08-29,Agartala,Tripura,0.022111763686208416,3,0.002731918950308297,0.6909943114049373,0.003843595239855126,0.9894736842105263,30.810714847062815,At Risk
Pizza King,4976.0,24,4.36875,2025-08-25,Jaipur,Rajasthan,0.009386464434616368,7,0.001143440650120418,0.7014757571974286,0.001700051740705152,0.968421052631579,30.808221903057564,At Risk
Handi Punjab Ki,34162.0,182,4.328927433933028,2025-08-29,Dehradun,Uttarakhand,0.0644413983149848,3,0.008015858033648944,0.6773537234145608,0.013378668046418803,0.9894736842105263,30.80355622681642,At Risk
Udupi Cafe Bangalore Idli,21672.0,107,4.3437777777777775,2025-08-28,Dehradun,Uttarakhand,0.04088091986073271,4,0.005074842028705777,0.6863491381075217,0.007835021065858526,0.9842105263157894,30.79227350884895,At Risk
The Family Food Truck,5250.0,33,4.349438202247191,2025-08-31,Kohima,Nagaland,0.009903323609673621,1,0.0012079593358973939,0.6897778712044027,0.002365289378372385,1.0,30.788960297135425,At Risk
Bikkgane Biryani,15821.0,39,4.3921651221566975,2025-08-14,Ranchi,Jharkhand,0.029843901491170735,18,0.003697109070745611,0.7156591819105405,0.0028087811368172075,0.9105263157894736,30.779098600777115,At Risk
Ovenfresh,23178.0,82,4.3354430379746836,2025-08-31,Chandigarh,Punjab,0.04372175897619337,1,0.005429459330823023,0.6813004711089277,0.0059871387390051,1.0,30.77593528128085,At Risk
Crusto's - Cheese Burst Pizza By Olio,47019.0,119,4.320057859209255,2025-08-31,Hyderabad,Telangana,0.08869416624823695,1,0.01104329140238828,0.6719810866847551,0.00872200458274817,1.0,30.775604348293147,At Risk
Abar Khabo,7629.0,59,4.345099540581931,2025-08-31,Agartala,Tripura,0.014390943965371437,1,0.0017681416478077055,0.6871497798080366,0.004287086998299948,1.0,30.770960800119408,At Risk
Krishnashree,2760.0,4,4.4,2025-08-14,Patna,Bihar,0.005206318697656989,18,0.0006216398921577232,0.7204050636225063,0.0002217458792224111,0.9105263157894736,30.746715579840682,At Risk
New Parivar Restaurant,35039.0,139,4.334606205250597,2025-08-27,Gangtok,Sikkim,0.06609572494463886,5,0.00822236492206649,0.6807935698909833,0.010200310444230911,0.9789473684210527,30.746181586707305,At Risk
Kashmir Trout,36680.0,93,4.325899280575542,2025-08-31,Srinagar,Jammu and Kashmir,0.0691912209529197,1,0.008608770627759985,0.6755194564447695,0.006800206962820608,1.0,30.745938657709893,At Risk
Sree Krishna Hotel,5308.0,47,4.357264231096005,2025-08-27,Agartala,Tripura,0.010012731756218586,5,0.0012216165759523741,0.6945183927458651,0.003400103481410304,0.9789473684210527,30.741892199252778,At Risk
Social,30715.0,78,4.335639412997903,2025-08-29,Indore,Madhya Pradesh,0.057939158984976244,3,0.007204194129002099,0.6814194228845678,0.005691477566708552,0.9894736842105263,30.73931684513655,At Risk
Mr Khan Restro,9780.0,61,4.347871116225547,2025-08-29,Imphal,Manipur,0.01844847712430629,3,0.002274636878122578,0.6888286279564619,0.0044349175844482225,0.9894736842105263,30.739279507612988,At Risk
Shree Krishna Bhojanalaya,1608.0,14,4.3500000000000005,2025-08-31,Bhubaneswar,Odisha,0.0030332465455914634,1,0.0003503788483070804,0.6901181733423822,0.0009608988099637814,1.0,30.736778330403027,At Risk
Sachins Dragon Villa,18017.0,93,4.337837837837839,2025-08-30,Shimla,Himachal Pradesh,0.03398632028104564,2,0.004214200435585898,0.6827510919228925,0.006800206962820608,0.9947368421052631,30.734473335419253,At Risk
The Phoenix Residency,51486.0,186,4.309453626697547,2025-08-31,Shillong,Meghalaya,0.09712047987955352,1,0.012095134356277881,0.6655577021530146,0.013674329218715352,1.0,30.724023023215864,At Risk
KAVERI's,95812.0,304,4.282040180117769,2025-08-29,Ranchi,Jharkhand,0.18073471270286648,3,0.022532562333468502,0.6489523411777789,0.02239633380146352,0.9894736842105263,30.71253624680664,At Risk
Wendo's Pizza,25902.0,124,4.326104901117799,2025-08-31,Shimla,Himachal Pradesh,0.048860169169098314,1,0.0060708786740948555,0.6756440085808229,0.009091581048118856,1.0,30.693987025350854,At Risk
Indiana Restaurant,15733.0,71,4.3442511667373775,2025-08-28,Shillong,Meghalaya,0.029677902923999064,4,0.00367638774100702,0.6866358876971064,0.005174070515189593,0.9842105263157894,30.691718814015157,At Risk
Food On Way,42042.0,188,4.316954904863343,2025-08-29,Ahmedabad,Gujarat,0.07930581546626636,3,0.0098713589238773,0.670101509928378,0.013822159804863626,0.9894736842105263,30.66907969300897,At Risk
Gopal's,43648.0,227,4.305838705753558,2025-08-31,Chandigarh,Punjab,0.08233528931714937,1,0.010249523191606581,0.6633680078729767,0.01670485623475497,1.0,30.645118288548662,At Risk
Country Kitchen,1066.0,15,4.478210590383444,2025-07-16,Bhubaneswar,Odisha,0.0020108462796023007,47,0.00022275429468985076,0.7677801750162483,0.0010348141030379187,0.7578947368421053,30.64195907275685,At Risk
Ihm Wala,7036.0,40,4.371428571428571,2025-08-20,Lucknow,Uttar Pradesh,0.013272339984316876,12,0.0016285081417283383,0.7030982691767207,0.0028826964298913444,0.9421052631578948,30.63679496114753,At Risk
Royal Indraprastha,6410.0,50,4.361967694566814,2025-08-23,Bengaluru,Karnataka,0.012091486540572936,9,0.0014811041369969995,0.6973674583874043,0.0036218493606327146,0.9578947368421052,30.631652272735714,At Risk
Wow! Kulfi,15991.0,139,4.335094339622641,2025-08-28,Kolkata,West Bengal,0.030164580541388736,4,0.0037371389122860697,0.6810892513343445,0.010200310444230911,0.9842105263157894,30.62827456856429,At Risk
Pyramid Express,32999.0,71,4.328615384615387,2025-08-29,Shimla,Himachal Pradesh,0.062247576342022826,3,0.007742006823580978,0.6771647033456532,0.005174070515189593,0.9894736842105263,30.622839625721888,At Risk
Bowljini Mix Eat Repeat,14131.0,61,4.3475956077243465,2025-08-26,Gangtok,Sikkim,0.02665597446253294,6,0.0032991653519022198,0.68866174204152,0.0044349175844482225,0.9736842105263158,30.617359332273814,At Risk
Bosco Food Hub,3210.0,18,4.341935483870968,2025-08-31,Agartala,Tripura,0.006055175007057585,1,0.0007276012374118805,0.6852331910391358,0.0012565599822603295,1.0,30.611230980315757,At Risk
7th Heaven,26389.0,75,4.330331753554502,2025-08-29,Patna,Bihar,0.04977882033060518,3,0.0061855523966254655,0.6782043729004368,0.00546973168748614,0.9894736842105263,30.597684758733106,At Risk
Oriental Restaurant,36934.75,161,4.311653914067098,2025-08-31,Guwahati,Assam,0.06967176794140814,1,0.008668756522656643,0.6668904993959415,0.011826446891861925,1.0,30.589994180621748,At Risk
Shree Shyam Bakery,7560.0,34,4.4,2025-08-09,Jaipur,Rajasthan,0.014260785997930014,23,0.0017518942415354016,0.7204050636225063,0.002439204671446522,0.8842105263157894,30.57311703492343,At Risk
Street 9,22314.0,147,4.319424460431655,2025-08-31,Chandigarh,Punjab,0.042091954862144225,1,0.005226013547935041,0.6715974130991405,0.010791632788824007,1.0,30.572795590668093,At Risk
Great Indian Khichdi by EatFit,22964.0,112,4.321648287869994,2025-08-31,Bengaluru,Karnataka,0.04331808064238953,1,0.005379068824413268,0.6729444694516786,0.008204597531229211,1.0,30.56758878715147,At Risk
Rolls Nation,2824.0,9,4.4,2025-08-10,Shimla,Himachal Pradesh,0.0053270449283272965,22,0.0006367099501494257,0.7204050636225063,0.0005913223445930963,0.8894736842105263,30.54418359567829,At Risk
Porch Grill Restaurant,32495.0,178,4.3204651162790695,2025-08-27,Kochi,Kerala,0.06129685727549415,5,0.007623330116896321,0.6722277776885406,0.013083006874122255,0.9789473684210527,30.52290035702504,At Risk
Balaji Restaurant,22699.0,174,4.348768472906403,2025-08-19,Ahmedabad,Gujarat,0.04281819859352028,13,0.0053166693655413745,0.6893721908231663,0.012787345701825707,0.9368421052631579,30.518000465984734,At Risk
Homely,34814.0,177,4.3070423368022706,2025-08-31,Bengaluru,Karnataka,0.06567129678993856,1,0.008169384249439412,0.6640970927031784,0.013009091581048118,1.0,30.509869982693893,At Risk
Hola Pasta - Fresh Gourmet Pasta,42107.0,156,4.313617021276595,2025-08-28,Mumbai,Maharashtra,0.07942842804429089,4,0.009886664451525123,0.6680796276491847,0.01145687042649124,0.9842105263157894,30.509098079224266,At Risk
Deep Sweets,18932.0,72,4.325943396226415,2025-08-30,Chandigarh,Punjab,0.03571232811016019,2,0.004429655170936018,0.675546178962322,0.0052479858082637295,0.9947368421052631,30.495899712925006,At Risk
Gurukripa Restaurant - Sarwate,36479.0,170,4.305948427427231,2025-08-31,Indore,Madhya Pradesh,0.06881206513472075,1,0.008561441226879792,0.6634344704388142,0.01249168452952916,1.0,30.4953254528302,At Risk
Firangi Bake,24139.0,70,4.328440366972477,2025-08-28,Hyderabad,Telangana,0.045534538783602196,4,0.005655745670354679,0.677058688542695,0.005100155222115456,0.9842105263157894,30.482098850695238,At Risk
Dubai Hut,25123.0,151,4.315245111929725,2025-08-30,Kochi,Kerala,0.04739070458015817,2,0.005887447811977103,0.6690658237087335,0.011087293961120554,0.9947368421052631,30.47658692401613,At Risk
PizzaExpress,63216.2,148,4.295428096425602,2025-08-30,Mumbai,Maharashtra,0.11924771161406658,2,0.014857240516500808,0.6570619082236755,0.010865548081898144,0.9947368421052631,30.470826250060888,At Risk
The Hungry Beings,4729.0,28,4.360655737704918,2025-08-21,Imphal,Manipur,0.008920536638123153,11,0.0010852796450586915,0.6965727565168343,0.0019957129130017,0.9473684210526316,30.454192350093724,At Risk
Pyramid,27162.0,58,4.323368421052632,2025-08-29,Shimla,Himachal Pradesh,0.051236966835419985,3,0.006367570440806497,0.673986419151074,0.004213171705225811,0.9894736842105263,30.453295668374263,At Risk
The Coconut,21490.0,101,4.328000000000001,2025-08-27,Kochi,Kerala,0.04053760464226402,5,0.005031986551291872,0.6767919416191277,0.007391529307413704,0.9789473684210527,30.442341980984306,At Risk
Tealogy Cafe,8300.0,103,4.327826086956519,2025-08-29,Indore,Madhya Pradesh,0.01565668304005544,3,0.0019261417870644604,0.6766865959138033,0.007539359893561978,0.9894736842105263,30.423167588873177,At Risk
RNR Biryani - Taste of 1953,16892.12,55,4.321342247364361,2025-08-31,Bengaluru,Karnataka,0.031864405869226654,1,0.003949325328809239,0.6727590891473705,0.0039914258260034,1.0,30.420574204093555,At Risk
Sher E Punjab,5624.0,18,4.332997987927565,2025-08-30,Gangtok,Sikkim,0.010608817520153227,2,0.0012960249872864045,0.6798194118587984,0.0012565599822603295,0.9947368421052631,30.418922975953244,At Risk
Chai Sutta Bar,11974.0,114,4.321538461538461,2025-08-30,Patna,Bihar,0.02258712321947275,2,0.002791257303650625,0.6728779434906182,0.008352428117377485,0.9947368421052631,30.412405580264757,At Risk
Taste With Me !,8341.0,57,4.327900287631831,2025-08-30,Agartala,Tripura,0.015734023281578604,2,0.0019357960429653945,0.6767315420680409,0.004139256412151674,0.9947368421052631,30.40953165305551,At Risk
The Chocolate Room,157835.0,339,4.223943661971831,2025-08-31,Ahmedabad,Gujarat,0.2977316346538735,1,0.03713709681502095,0.6137610837629137,0.024983369059058316,1.0,30.397983766669412,At Risk
Crescent International Hotel,44001.0,171,4.298393113342898,2025-08-30,Kohima,Nagaland,0.08300116993319027,2,0.010332643980217063,0.6588579310647322,0.012565599822603296,0.9947368421052631,30.377724108655347,At Risk
Barbeque Nation,50925.0,90,4.301232227488151,2025-08-30,Raipur,Chhattisgarh,0.09606223901383412,2,0.011963035879194365,0.6605776898369329,0.006578461083598196,0.9947368421052631,30.374789773000355,At Risk
Blackfern Restaurant,22148.0,137,4.314864864864864,2025-08-29,Raipur,Chhattisgarh,0.041778821201343116,3,0.005186925585019063,0.6688354936860779,0.010052479858082638,0.9894736842105263,30.368328273250018,At Risk
Spicy Affair,2170.0,18,4.368994413407821,2025-08-17,Guwahati,Assam,0.004093373758665097,15,0.0004827127950467169,0.7016238076387413,0.0012565599822603295,0.9263157894736842,30.356311835346155,At Risk
Dabba & Co.,11461.5,86,4.320408163265305,2025-08-30,New Delhi,Delhi,0.021620370200433184,2,0.0026705791048889462,0.6721932790949605,0.006282799911301648,0.9947368421052631,30.345645956323036,At Risk
Sri Tiffins,3985.0,66,4.336743999599138,2025-08-26,Hyderabad,Telangana,0.007517094206580834,6,0.0009100902209051516,0.6820885127484981,0.004804494049818907,0.9736842105263158,30.33199097755069,At Risk
7th Heaven Cake Shop,8435.0,26,4.32316715542522,2025-08-31,Imphal,Manipur,0.015911339932875617,1,0.0019579301906407077,0.6738645049515819,0.0018478823268534257,1.0,30.33121000271015,At Risk
Quick Crave,12277.0,53,4.352857142857143,2025-08-19,Bengaluru,Karnataka,0.023158686467802482,13,0.002862604609455091,0.6918488527869604,0.003843595239855126,0.9368421052631579,30.3152627254157,At Risk
Golden Dragon,3020.0,15,4.377956989247312,2025-08-13,Kochi,Kerala,0.005696769009755111,19,0.000682862002749014,0.7070527786603007,0.0010348141030379187,0.9052631578947369,30.312225700927108,At Risk
One Bites Sanjauli,9568.0,61,4.328070175438596,2025-08-27,Shimla,Himachal Pradesh,0.018048571485210895,5,0.002224717311025064,0.6768344495353098,0.0044349175844482225,0.9789473684210527,30.27219421439979,At Risk
Madhu's Kitchen,24801.0,186,4.298239436619719,2025-08-31,Kolkata,West Bengal,0.04678330073209818,1,0.00581162658270635,0.6587648432636617,0.013674329218715352,1.0,30.268896945592417,At Risk
Shabal Restaurant,13453.0,73,4.3161237785016295,2025-08-30,Kohima,Nagaland,0.025377030956369374,2,0.0031395169250526224,0.669598065269855,0.0053219011013378665,0.9947368421052631,30.26732907817714,At Risk
Samosa Junction,580.0,11,4.3999999999999995,2025-08-05,Jaipur,Rajasthan,0.0010940814654496571,27,0.00010831604181536084,0.7204050636225059,0.0007391529307413703,0.8631578947368421,30.26284655633104,At Risk
Roti Ghar,457.0,7,4.3999999999999995,2025-08-05,Bhubaneswar,Odisha,0.0008620607408801608,27,7.935327411255784e-05,0.7204050636225059,0.0004434917584448222,0.8631578947368421,30.255774822176996,At Risk
Kaleva,18467.8,113,4.306474820143885,2025-08-31,New Delhi,Delhi,0.03483668566832961,1,0.004320350156564951,0.663753326407885,0.008278512824303348,1.0,30.250984054985214,At Risk
Idly & Dosai Delight,12188.0,50,4.322175732217573,2025-08-28,Srinagar,Jammu and Kashmir,0.02299080155327659,4,0.0028416478100603804,0.6732639624333587,0.0036218493606327146,0.9842105263157894,30.226127035773725,At Risk
The Bewakoof Hotel,20424.0,128,4.30827067669173,2025-08-29,Ranchi,Jharkhand,0.03852675836266172,3,0.00478097589786758,0.6648411446123532,0.009387242220415403,0.9894736842105263,30.21895506079887,At Risk
Bangaliana,23990.0,133,4.299041314768317,2025-08-31,Kolkata,West Bengal,0.045253473027822885,1,0.005620660691592746,0.6592505711737542,0.009756818685786088,1.0,30.197479936592053,At Risk
SRIVARI BHIMMAS,38006.0,180,4.287881040892193,2025-08-31,Bengaluru,Karnataka,0.07169251754462011,1,0.008921003391775567,0.6524903713661083,0.013230837460270529,1.0,30.19616802585968,At Risk
KC'S Kitchen,4000.0,16,4.321739130434781,2025-08-30,Kohima,Nagaland,0.007545389416894188,2,0.0009136222657469569,0.6729994962275279,0.0011087293961120556,0.9947368421052631,30.196072786430584,At Risk
Dip N Bite,17020.13,110,4.304,2025-08-31,Jaipur,Rajasthan,0.032105877194040816,1,0.003979467799489205,0.6622542342846676,0.008056766945080937,1.0,30.187941079421215,At Risk
Briyanis Mahal,26312.0,157,4.29451219512195,2025-08-31,Patna,Bihar,0.04963357158432997,1,0.006167421233104199,0.6565071121778527,0.011530785719565378,1.0,30.17252592905106,At Risk
Thali Junction,1440.0,8,4.4,2025-08-03,Aizawl,Mizoram,0.002716340190081907,29,0.00031081994607886157,0.7204050636225063,0.0005174070515189592,0.8526315789473684,30.16124863702241,At Risk
Dweller Teas & Snacks,1750.0,14,4.335051546391751,2025-08-25,Imphal,Manipur,0.003301107869891207,7,0.00038381553947617003,0.6810633298565709,0.0009608988099637814,0.968421052631579,30.150681019791236,At Risk
Biryani Adda,560.0,5,4.4,2025-08-03,Guwahati,Assam,0.0010563545183651863,29,0.00010360664869295386,0.7204050636225063,0.00029566117229654814,0.8526315789473684,30.148525187542518,At Risk
"Dabba Garam (Homestyle,Combo, Thali & More)",2416.0,44,4.313951853804252,2025-08-31,Mumbai,Maharashtra,0.004557415207804089,1,0.0005406383304523228,0.6682824483697316,0.0031783576021878926,1.0,30.1336661363538,At Risk
Laxmi Pure Veg,59800.0,226,4.268920392584515,2025-08-31,Mumbai,Maharashtra,0.1128035717825681,1,0.014052829077262468,0.6410051898674145,0.01663094094168083,1.0,30.124887677946553,At Risk
Felafels Restaurant,19994.0,101,4.2994755244755245,2025-08-31,Aizawl,Mizoram,0.03771562900034559,1,0.004679723945735829,0.6595135884089696,0.007391529307413704,1.0,30.12042719624679,At Risk
Friends Cafe,15660.0,66,4.339290848107331,2025-08-19,Kohima,Nagaland,0.029540199567140744,13,0.0036591984561102344,0.6836312351750529,0.004804494049818907,0.9368421052631579,30.119815927123955,At Risk
Jashn The Restaurant,48477.0,178,4.281229242863749,2025-08-30,Ranchi,Jharkhand,0.09144446069069488,2,0.01138660616101175,0.6484611258250479,0.013083006874122255,0.9947368421052631,30.118326579726983,At Risk
Caffe In,1750.0,12,4.3999999999999995,2025-08-02,Imphal,Manipur,0.003301107869891207,30,0.00038381553947617003,0.7204050636225059,0.0008130682238155074,0.8473684210526315,30.11745010525685,At Risk
Kachori King,10814.0,85,4.304690937477822,2025-08-31,Kolkata,West Bengal,0.020398960288573437,1,0.0025181125025510198,0.6626727612362919,0.006208884618227511,1.0,30.105085029555344,At Risk
Taste Tekker,1022.0,8,4.4,2025-08-02,Guwahati,Assam,0.0019278469960164646,30,0.0002123936298205554,0.7204050636225063,0.0005174070515189592,0.8473684210526315,30.104680005424704,At Risk
Junior Kuppanna,760.0,6,4.533333333333333,2025-06-17,Chennai,Tamil Nadu,0.0014336239892098956,76,0.0001507005799170238,0.8011701043695041,0.00036957646537068517,0.605263157894737,30.101154262536582,At Risk
Street Za,4913.0,20,4.337293729372938,2025-08-22,Guwahati,Assam,0.009267624551300285,10,0.001128606061784836,0.6824215048553537,0.0014043905684086038,0.9526315789473684,30.072192988973857,At Risk
Cafe Sai Sadanand,6134.0,70,4.308273313115996,2025-08-30,Panaji,Goa,0.011570854670807236,2,0.0014161145119077829,0.6648427415942031,0.005100155222115456,0.9947368421052631,30.051298353797346,At Risk
Baklavas By Mezaya,20676.78,19,4.319047619047621,2025-08-25,Mumbai,Maharashtra,0.03900358924686235,7,0.0048404979175416816,0.6713691460261151,0.0013304752753344668,0.968421052631579,30.0455143293076,At Risk
Hotel Enchanto Imphal,12090.0,75,4.321830985915493,2025-08-24,Imphal,Manipur,0.02280593951256268,8,0.0028185717837605857,0.6730551365648467,0.00546973168748614,0.9631578947368421,30.045370549413974,At Risk
Awadhi,27636.0,148,4.293060193123365,2025-08-29,Patna,Bihar,0.052131095481321936,3,0.006479183057807541,0.6556275796734994,0.010865548081898144,0.9894736842105263,30.040042516260506,At Risk
The Bro Momos,9206.0,71,4.30871369294606,2025-08-29,Jaipur,Rajasthan,0.017365713742981972,3,0.0021394772955094974,0.6651094963060977,0.005174070515189593,0.9894736842105263,30.037082233412367,At Risk
KS Bakers,56238.95,91,4.2765337065547016,2025-08-31,Hyderabad,Telangana,0.10608619453681033,1,0.013214309858335096,0.6456168619650784,0.006652376376672333,1.0,30.030125780819205,At Risk
Crown Restaurant,14937.0,82,4.298342541436464,2025-08-31,Aizawl,Mizoram,0.02817637043003712,1,0.0034889538947352216,0.6588272977491045,0.0059871387390051,1.0,30.024119863042646,At Risk
Uttam Sweets Bakery & Restaurant,24630.0,93,4.297411852963242,2025-08-29,Chandigarh,Punjab,0.04646073533452596,3,0.00577136127150977,0.6582635445556351,0.006800206962820608,0.9894736842105263,30.009501768891116,At Risk
Lazeez - Rooftop Lounge,78098.0,260,4.250287356321839,2025-08-31,Lucknow,Uttar Pradesh,0.14731995567015055,1,0.018361452844952626,0.6297184553699497,0.01914406090620149,1.0,30.00889299302063,At Risk
MP's Kitchen,59069.0,225,4.262064343163539,2025-08-31,Raipur,Chhattisgarh,0.11142465186663068,1,0.013880700758638493,0.6368522215360506,0.016557025648606696,1.0,29.99193518939919,At Risk
Krishna Chhole Bhature,317.0,5,4.4,2025-07-31,Ahmedabad,Gujarat,0.0005979721112888643,32,4.638752225570889e-05,0.7204050636225063,0.00029566117229654814,0.8368421052631578,29.98834168564293,At Risk
Urban Pinds Food Factory,139879.0,243,4.22999013211995,2025-08-27,Chandigarh,Punjab,0.2638603815614355,5,0.03290900366972395,0.6174236593220757,0.01788750092394116,0.9789473684210527,29.986293629140576,At Risk
Majaa Thindi,6090.0,48,4.311999999999999,2025-08-28,Bengaluru,Karnataka,0.011487855387221399,4,0.0014057538470384873,0.6671001367294869,0.0034740187744844407,0.9842105263157894,29.98081989441373,At Risk
Tara Bhojanalya,46453.0,174,4.271622846781505,2025-08-31,Shimla,Himachal Pradesh,0.08762649364574641,1,0.010910015577024161,0.6426421685424408,0.012787345701825707,1.0,29.9714125933907,At Risk
Books & Bricks Cafe,40030.0,112,4.2795629820051415,2025-08-31,Srinagar,Jammu and Kashmir,0.07551048458956858,1,0.009397593975763155,0.6474518086289933,0.008204597531229211,1.0,29.963549968524912,At Risk
New Shakti Sweets,70439.0,112,4.265957770013672,2025-08-30,Srinagar,Jammu and Kashmir,0.13287242128415241,2,0.01655799074872687,0.639210617372524,0.008204597531229211,0.9947368421052631,29.95009852280201,At Risk
Hira Sweets And Confectionary Pvt. Ltd.,76094.59,312,4.243021243115657,2025-08-31,New Delhi,Delhi,0.14354082851722555,1,0.017889710581184555,0.625317095901178,0.022987656146056617,1.0,29.934854423203856,At Risk
Sangai Continental (Non Halal),16170.0,41,4.30062893081761,2025-08-29,Imphal,Manipur,0.03050223671779475,3,0.0037792879807316123,0.6602122502355923,0.0029566117229654814,0.9894736842105263,29.911408102861607,At Risk
Red Dragon (Chopstix),12502.0,59,4.300627209487969,2025-08-29,Lucknow,Uttar Pradesh,0.02358311462250278,3,0.0029155852820821697,0.6602112075611526,0.004287086998299948,0.9894736842105263,29.903438220189127,At Risk
Roti Tarka,40711.0,147,4.2727064220183495,2025-08-31,Aizawl,Mizoram,0.07679508713779482,1,0.009557948811581113,0.6432985310286123,0.010791632788824007,1.0,29.897106539098097,At Risk
Why Not Momos,1330.0,18,4.308490566037736,2025-08-29,Indore,Madhya Pradesh,0.002508841981117317,3,0.00028491828390562313,0.6649743399022787,0.0012565599822603295,0.9894736842105263,29.880494970175054,At Risk
Mealy - Your Everyday Meal,24457.15,101,4.285950770116597,2025-08-30,Gurgaon,Haryana,0.04613468019434842,2,0.005730660341449368,0.6513211333822801,0.007391529307413704,0.9947368421052631,29.864059422327283,At Risk
Try Me,5033.35,27,4.300799999999999,2025-08-30,Agartala,Tripura,0.00949464645538109,2,0.00115694483489892,0.6603158733067387,0.001921797619927563,0.9947368421052631,29.841558366049302,At Risk
Lilac Cafe,6060.0,29,4.2970588235294125,2025-08-31,Imphal,Manipur,0.011431264966594693,1,0.001398689757354877,0.6580497012810742,0.002069628206075837,1.0,29.838831192847938,At Risk
Absolute Shawarma,8324.0,38,4.300000000000001,2025-08-29,Aizawl,Mizoram,0.015701955376556803,3,0.0019317930588113486,0.6598312830622581,0.0027348658437430706,0.9894736842105263,29.821644373200325,At Risk
Taaza - All Day Breakfast,4623.0,44,4.321671388101984,2025-08-22,Hyderabad,Telangana,0.008720583818575458,10,0.0010603198615099347,0.6729584621355129,0.0031783576021878926,0.9526315789473684,29.821049600043224,At Risk
Cheesecakes By CakeZone,47491.0,199,4.2585831062670305,2025-08-31,Kolkata,West Bengal,0.08958452219943046,1,0.011154433080077084,0.6347435047375773,0.014635228028679132,1.0,29.78118702590399,At Risk
Momoxpress,11098.0,60,4.293980929678187,2025-08-29,Srinagar,Jammu and Kashmir,0.020934682937172922,3,0.002584985884889199,0.6561853046137558,0.0043610022913740856,0.9894736842105263,29.770915461740987,At Risk
Gopal's 56,10625.0,77,4.295652173913042,2025-08-28,Raipur,Chhattisgarh,0.020042440638625186,4,0.002473608737544274,0.6571976404292021,0.005617562273634415,0.9842105263157894,29.769330071008415,At Risk
Pizzas Hub,11039.0,51,4.2991586538461535,2025-08-27,Shimla,Himachal Pradesh,0.020823388443273732,5,0.002571093175178098,0.6593216478892745,0.003695764653706852,0.9789473684210527,29.74588214097002,At Risk
Saffron,41979.0,205,4.258571428571428,2025-08-31,Chandigarh,Punjab,0.07918697558295026,1,0.009856524335541716,0.6347364311158685,0.015078719787123955,1.0,29.737928302640203,At Risk
Aao Ji Te Khao Ji,47320.0,203,4.263898734177213,2025-08-28,Shimla,Himachal Pradesh,0.08926195680185824,4,0.011114167768880506,0.6379633815232908,0.014930889200975682,0.9842105263157894,29.72419120363135,At Risk
South Indian Coffee House,27471.0,167,4.27097919477384,2025-08-30,Kolkata,West Bengal,0.051819848167875056,2,0.006440330564547684,0.6422522841877463,0.012269938650306747,0.9947368421052631,29.717948942273058,At Risk
Pastas By Pizza Hut,207660.68,1216,4.087944929482874,2025-08-31,Bengaluru,Karnataka,0.39172017429426265,1,0.048869532550583544,0.5313815099803332,0.0898070810850765,1.0,29.692368223134867,At Risk
Khuangthali Restaurant,17900.0,118,4.28952380952381,2025-08-26,Aizawl,Mizoram,0.033765617640601486,6,0.004186650485819817,0.6534854584321361,0.008648089289674032,0.9736842105263158,29.681833663453517,At Risk
Barista Coffee,10577.0,24,4.303508771929825,2025-08-25,Chandigarh,Punjab,0.019951895965622454,7,0.0024623061940504966,0.6619566788713893,0.001700051740705152,0.968421052631579,29.67540417503359,At Risk
Shawarma Hut,7309.0,33,4.2983050847457624,2025-08-27,Aizawl,Mizoram,0.013787312812019904,5,0.0016927913578491938,0.6588046088154735,0.002365289378372385,0.9789473684210527,29.668629390556152,At Risk
New Khusboo Biryani (Halal),21601.0,86,4.283325677537896,2025-08-28,Shillong,Meghalaya,0.040746989198582835,4,0.005058123683121232,0.649731015564154,0.006282799911301648,0.9842105263157894,29.662016675633396,At Risk
The Boston Cafe & Patisserie,4750.0,29,4.350751072961373,2025-08-09,Mumbai,Maharashtra,0.008960149932561848,23,0.001090224507837219,0.6905731266298512,0.002069628206075837,0.8842105263157894,29.64430060648844,At Risk
Ifthar,8387.0,34,4.290421455938697,2025-08-29,Kochi,Kerala,0.015820795259872886,3,0.0019466276471469307,0.6540291968016971,0.002439204671446522,0.9894736842105263,29.64226194547098,At Risk
Hotel Shubham Celebrations Dhanturi Group of Hotel,11638.0,88,4.3534653465346524,2025-08-05,Hyderabad,Telangana,0.021953310508453637,27,0.002712139499194188,0.6922172647479345,0.006430630497449922,0.8631578947368421,29.635195079723225,At Risk
Prasadam Temple Prasad,556.0,8,4.378651685393258,2025-07-31,Bhubaneswar,Odisha,0.0010488091289482919,32,0.00010266477006847243,0.7074735823793068,0.0005174070515189592,0.8368421052631578,29.607083255843897,At Risk
Sardarji Da Dhaba,16780.0,63,4.283832335329343,2025-08-28,Guwahati,Assam,0.03165290860387111,4,0.003922924470965025,0.6500379173429369,0.004582748170596496,0.9842105263157894,29.59181472569653,At Risk
Sandwich Junction,7705.0,56,4.2886699507389165,2025-08-28,Raipur,Chhattisgarh,0.014534306364292426,4,0.001786037341672852,0.6529682438854807,0.004065341119077537,0.9842105263157894,29.583900895770775,At Risk
Yummy Bites,9790.0,53,4.290038314176247,2025-08-27,Kohima,Nagaland,0.018467340597848523,5,0.0022769915746837814,0.6537971133512759,0.003843595239855126,0.9789473684210527,29.571338652533257,At Risk
Burger Headquarter,14383.0,82,4.275401069518717,2025-08-30,Indore,Madhya Pradesh,0.02713133399579727,2,0.0033585037052445473,0.6449307808923566,0.0059871387390051,0.9947368421052631,29.549374770813213,At Risk
The cherith,18259.0,81,4.288770053475936,2025-08-24,Kohima,Nagaland,0.03444281634076774,8,0.004271184092367023,0.6530288798977377,0.005913223445930963,0.9631578947368421,29.51155717691385,At Risk
Dharma Vaishno Dhaba,7877.0,67,4.277777777777778,2025-08-30,Srinagar,Jammu and Kashmir,0.014858758109218878,2,0.0018265381225255524,0.6463704429377577,0.004878409342893044,0.9947368421052631,29.509111420944244,At Risk
Kaati Zone Rolls & Wraps,15957.0,58,4.273131313131313,2025-08-30,Bengaluru,Karnataka,0.030100444731345138,2,0.0037291329439779783,0.6435559036389988,0.004213171705225811,0.9947368421052631,29.487474282086236,At Risk
Saladspoint,4798.0,22,4.307199999999999,2025-08-21,Chandigarh,Punjab,0.009050694605564577,11,0.0011015270513309958,0.6641925952625947,0.0015522211545568776,0.9473684210526316,29.474567573548534,At Risk
Hotel Shubham Palace - Dhanturi Group of Hotels,12762.0,67,4.2730706075533655,2025-08-30,Hyderabad,Telangana,0.024073564934600906,2,0.002976807392673461,0.6435191319754248,0.004878409342893044,0.9947368421052631,29.469582862880173,At Risk
FNP- Ferns N Petals,977.0,3,4.4,2025-07-21,Gurgaon,Haryana,0.0018429613650764053,42,0.00020179749529513968,0.7204050636225063,0.00014783058614827407,0.7842105263157895,29.46528568336786,At Risk
Jamie Oliver's Pizzeria,67619.0,93,4.23896797153025,2025-08-31,Lucknow,Uttar Pradesh,0.12755292174524202,1,0.015893966318467484,0.6228618760655227,0.006800206962820608,1.0,29.457619073960796,At Risk
Harish Bakery,50244.64,291,4.23695895522388,2025-08-29,Gurgaon,Haryana,0.09477884372791459,3,0.011802831743956325,0.6216449389366825,0.02143543499149974,0.9894736842105263,29.444906979793984,At Risk
Edesia by Freshmenu,161419.0,623,4.146245919477693,2025-08-31,Bengaluru,Karnataka,0.3044923035714107,1,0.037981020062556284,0.5666966237242472,0.045975312292113234,1.0,29.43964576007193,At Risk
The Biryani Life,190604.0,559,4.136268980477222,2025-08-31,Bengaluru,Karnataka,0.3595453511044249,1,0.04485320197642869,0.5606532145874725,0.041244733535368464,1.0,29.438619187388692,At Risk
Caterspoint,36548.0,112,4.254373687893632,2025-08-30,Chandigarh,Punjab,0.06894222310216218,2,0.008577688633152097,0.632193700889212,0.008204597531229211,0.9947368421052631,29.42037894367966,At Risk
Millet Express,21325.0,103,4.261597881262414,2025-08-30,Hyderabad,Telangana,0.04022635732881714,2,0.004993134058032015,0.6365696679276662,0.007539359893561978,0.9947368421052631,29.39497101907514,At Risk
Indrani Sweets And Restaurant,17388.0,96,4.275343755886231,2025-08-26,Lucknow,Uttar Pradesh,0.032799807795239035,6,0.004066090021886198,0.644896063858384,0.007021952842043018,0.9736842105263158,29.386806678730988,At Risk
PVR Tiffins,4315.0,63,4.270053396618215,2025-08-31,Hyderabad,Telangana,0.008139588833474605,1,0.0009877952074248669,0.6416914932445268,0.004582748170596496,1.0,29.38191156904473,At Risk
Chickpet Donne Biryani House,9453.0,30,4.272842639593909,2025-08-30,Bengaluru,Karnataka,0.01783164153947519,2,0.0021976383005712237,0.6433810431639162,0.0021435434991499743,0.9947368421052631,29.37957611797597,At Risk
Brik Oven - Original Sourdough Pizzas,7770.0,20,4.276984126984127,2025-08-29,Bengaluru,Karnataka,0.014656918942316957,3,0.0018013428693206747,0.645889698647597,0.0014043905684086038,0.9894736842105263,29.371569327674173,At Risk
The Eleganza,63170.0,195,4.227929515418502,2025-08-31,Dehradun,Uttarakhand,0.11916056236630146,1,0.014846361818388049,0.6161754658831531,0.014339566856382584,1.0,29.36590978635777,At Risk
Royal Veg. Hotel,28571.0,154,4.252071005917159,2025-08-30,Kohima,Nagaland,0.05389483025752096,2,0.006699347186280069,0.6307988793617829,0.011309039840342967,0.9947368421052631,29.365489486164186,At Risk
Bheemeshwara - A South Indian Delicacy,11680.0,40,4.295405405405405,2025-08-21,New Delhi,Delhi,0.022032537097331027,11,0.0027220292247512423,0.6570481634148946,0.0028826964298913444,0.9473684210526316,29.35166421056103,At Risk
Tibetan Bowl,14580.0,68,4.272822604136324,2025-08-27,Srinagar,Jammu and Kashmir,0.027502944424579314,5,0.0034048912275002566,0.6433689069298043,0.004952324635967181,0.9789473684210527,29.325783033924008,At Risk
Mealful Rolls - India's Biggest Rolls,50275.0,230,4.234965034965036,2025-08-29,Mumbai,Maharashtra,0.09483611323358881,3,0.011809980602716139,0.6204371460545439,0.01692660211397738,0.9894736842105263,29.318782490129774,At Risk
Pizzmo,12000.0,61,4.268166915052161,2025-08-29,Srinagar,Jammu and Kashmir,0.022636168250682563,3,0.0027973795147097544,0.6405487800403962,0.0044349175844482225,0.9894736842105263,29.311793775594502,At Risk
Hotel Surabhi udupi veg,19308.0,125,4.255617715617716,2025-08-30,Hyderabad,Telangana,0.03642159471534824,2,0.004518191761637269,0.6329472555129074,0.009165496341192993,0.9947368421052631,29.29982368372921,At Risk
Faasos Signature Wraps & Rolls,72672.0,294,4.212010443864228,2025-08-30,New Delhi,Delhi,0.1370846349261336,2,0.01708379449084361,0.6065326824126385,0.02165718087072215,0.9947368421052631,29.259844290479975,At Risk
Cocoberry,736.0,4,4.4,2025-07-17,Aizawl,Mizoram,0.0013883516527085306,46,0.00014504930817013542,0.7204050636225063,0.0002217458792224111,0.763157894736842,29.253967745954863,At Risk
Bawarchi - The Royal Chef,34045.0,116,4.241940928270042,2025-08-31,Panaji,Goa,0.06422069567454065,1,0.007988308083882864,0.6246627083572354,0.008500258703525759,1.0,29.229418748142887,At Risk
Hill View Holiday Home And Resort,27123.0,114,4.25701813297515,2025-08-27,Guwahati,Assam,0.05116339928860526,5,0.006358387124217803,0.6337955412499272,0.008352428117377485,0.9789473684210527,29.224723969024602,At Risk
Kashyap chole kulche,5580.0,50,4.2933722627737225,2025-08-20,New Delhi,Delhi,0.010525818236567392,12,0.0012856643224171092,0.6558166120587021,0.0036218493606327146,0.9421052631578948,29.21941455344935,At Risk
Grills Cafe,23550.0,108,4.255992509363296,2025-08-28,Srinagar,Jammu and Kashmir,0.04442348019196453,4,0.005517054042899793,0.6331742822539086,0.007908936358932663,0.9842105263157894,29.216194619669793,At Risk
BK Cafe,12312.0,48,4.257142857142858,2025-08-31,Mumbai,Maharashtra,0.02322470862520031,1,0.0028708460474193035,0.6338710913935799,0.0034740187744844407,1.0,29.20044695919386,At Risk
The Garage Cafe,25819.5,81,4.26910990317649,2025-08-23,Srinagar,Jammu and Kashmir,0.04870454551237487,9,0.006051452427464927,0.6411199835975365,0.005913223445930963,0.9578947368421052,29.172869442364362,At Risk
Food Exx,8769.0,50,4.256737588652482,2025-08-31,Guwahati,Assam,0.016541379949186284,1,0.002036577055784905,0.6336256049475395,0.0036218493606327146,1.0,29.162668217870234,At Risk
Alpha Pizza House,3470.0,9,4.3,2025-08-18,Aizawl,Mizoram,0.006545625319155706,14,0.0007888233480031713,0.6598312830622572,0.0005913223445930963,0.9315789473684211,29.154107346363915,At Risk
Amaris,18480.0,68,4.252307692307694,2025-08-30,Kohima,Nagaland,0.03485969910605114,2,0.004323222886369619,0.6309422492566013,0.004952324635967181,0.9947368421052631,29.147611306924798,At Risk
Sethi Tikka Kabab Curry,51490.0,128,4.229498424009866,2025-08-30,Jaipur,Rajasthan,0.09712802526897042,2,0.012096076234902362,0.6171258131304769,0.009387242220415403,0.9947368421052631,29.132730708771337,At Risk
Dunkin' - Donuts & Coffee,28451.0,73,4.24410029498525,2025-08-30,New Delhi,Delhi,0.05366846857501413,2,0.006671090827545627,0.6259707184127965,0.0053219011013378665,0.9947368421052631,29.099771628565108,At Risk
Punjabi Tikka Restaurant,11717.0,41,4.251757188498403,2025-08-31,Imphal,Manipur,0.0221023319494373,1,0.0027307416020276956,0.6306087882871858,0.0029566117229654814,1.0,29.086625547155997,At Risk
Moti Mahal,97845.0,365,4.180211726384364,2025-08-31,Raipur,Chhattisgarh,0.18456965687400295,1,0.023011272144361175,0.5872709970654122,0.02690516667898588,1.0,29.076684131316533,At Risk
Parsa's,13760.0,63,4.2593749999999995,2025-08-27,Srinagar,Jammu and Kashmir,0.025956139594116003,5,0.00321180610948157,0.6352231847096563,0.004582748170596496,0.9789473684210527,29.06629643329141,At Risk
Meat Zone,10218.0,53,4.250318471337581,2025-08-31,Imphal,Manipur,0.019274697265456203,1,0.0023777725875032915,0.6297373029113067,0.003843595239855126,1.0,29.064101895636433,At Risk
Taco Bell,76896.53,260,4.207257671699951,2025-08-28,Bengaluru,Karnataka,0.1450535659144716,4,0.018078543117213713,0.6036537486313205,0.01914406090620149,0.9842105263157894,29.057740664910085,At Risk
De Linz Cafe,39192.0,97,4.236916342412451,2025-08-29,Srinagar,Jammu and Kashmir,0.07392972550672924,3,0.009200270403934303,0.6216191267457969,0.007095868135117155,0.9894736842105263,29.053238823338884,At Risk
Cakes By Flower Aura,13624.0,23,4.250000000000001,2025-08-31,Jaipur,Rajasthan,0.0256995963539416,1,0.003179782236249202,0.6295443927821336,0.001626136447631015,1.0,29.046045801866594,At Risk
The Core,17090.0,67,4.256164383561644,2025-08-26,Kohima,Nagaland,0.03223767628368041,6,0.003995920064362333,0.6332783929536552,0.004878409342893044,0.9736842105263158,28.992598883305163,At Risk
Buhari Hotel,3670.0,20,4.318633540372671,2025-08-08,Chennai,Tamil Nadu,0.006922894790000417,24,0.0008359172792272415,0.6711183229182045,0.0014043905684086038,0.8789473684210526,28.98454787429392,At Risk
Cherry Sweets & Confectioners,35189.0,159,4.229513583289327,2025-08-29,Patna,Bihar,0.0663786770477724,3,0.008257685370484543,0.6171349956791521,0.011678616305713652,0.9894736842105263,28.97266645341348,At Risk
Thali House,3374.0,26,4.263492063492063,2025-08-26,Dehradun,Uttarakhand,0.006364535973150247,6,0.0007662182610156179,0.6377170457148646,0.0018478823268534257,0.9736842105263158,28.935959853686793,At Risk
Mad For Momos,29078.0,119,4.230567226890756,2025-08-30,Srinagar,Jammu and Kashmir,0.0548512083661123,2,0.0068187303019330864,0.6177732274421688,0.00872200458274817,0.9947368421052631,28.92775454804998,At Risk
Rokali,4923.0,37,4.264130434782608,2025-08-25,Hyderabad,Telangana,0.009286488024842521,7,0.0011309607583460395,0.6381037313395592,0.0026609505506689332,0.968421052631579,28.925779907849787,At Risk
The Airawat Kitchen,21308.0,136,4.230011074197121,2025-08-31,Hyderabad,Telangana,0.04019428942379533,1,0.004989131073877969,0.617436344729946,0.009978564565008499,1.0,28.922226876153665,At Risk
Mini Friends Corner,16220.0,63,4.249315068493149,2025-08-27,Shimla,Himachal Pradesh,0.03059655408550593,5,0.0037910614635376302,0.6291295038741853,0.004582748170596496,0.9789473684210527,28.906656222389522,At Risk
Siddhu Punjabi Bhojnalaya,12714.0,89,4.239285714285714,2025-08-30,Lucknow,Uttar Pradesh,0.023983020261598174,2,0.002965504849179684,0.6230543448649635,0.006504545790524059,0.9947368421052631,28.887709876779205,At Risk
Dragon Panda,35900.0,122,4.2250789865871825,2025-08-29,Panaji,Goa,0.06771987001662533,3,0.008425104295986112,0.6144487928040632,0.008943750461970582,0.9894736842105263,28.844079807306017,At Risk
Cake Plaza,32727.0,107,4.22463768115942,2025-08-30,Agartala,Tripura,0.06173448986167402,2,0.007677959077116242,0.6141814774226497,0.007835021065858526,0.9947368421052631,28.836631528133942,At Risk
Khana Khazana,23840.0,144,4.228992248062015,2025-08-29,Ranchi,Jharkhand,0.04497052092468936,3,0.005585340243174695,0.616819203222577,0.010569886909601596,0.9894736842105263,28.83412428670159,At Risk
Brahmins' Thatte Idli,7000.0,58,4.253025775121405,2025-08-26,Bengaluru,Karnataka,0.013204431479564828,6,0.0016200312341080058,0.63137721916442,0.004213171705225811,0.9736842105263158,28.8272233636646,At Risk
Agra Sweets Banjara,17448.0,60,4.247239422084624,2025-08-26,Hyderabad,Telangana,0.032912988636492446,6,0.004080218201253419,0.6278722063734783,0.0043610022913740856,0.9736842105263158,28.823437070345125,At Risk
Momo Magic Cafe,88718.0,364,4.171630781499202,2025-08-30,Shimla,Himachal Pradesh,0.16735296457200463,2,0.020862140592950742,0.5820731943406781,0.02683125138591174,0.9947368421052631,28.780674902709237,At Risk
Red Chilly's - Spirits N Spices,33090.0,193,4.211155378486056,2025-08-31,Guwahati,Assam,0.06241923395125717,1,0.007763434562287929,0.6060147369868174,0.01419173627023431,1.0,28.774814217500722,At Risk
Attitude Cafe And Restaurant Nxt,39835.0,219,4.210154125113327,2025-08-29,Ranchi,Jharkhand,0.07514264685549499,3,0.009351677392819687,0.6054082399659686,0.01611353389016187,0.9894736842105263,28.753321814600348,At Risk
The Ghee Khichdi Project,2209.0,18,4.288888888888889,2025-08-14,Kolkata,West Bengal,0.004166941305479815,18,0.0004918961116354105,0.6531008630000077,0.0012565599822603295,0.9105263157894736,28.743096092005587,At Risk
Seoul Burgers & Shakes,13976.0,54,4.27077922077922,2025-08-17,Chennai,Tamil Nadu,0.02636359062262829,15,0.0032626675552035653,0.6421311523790676,0.003917510532929263,0.9263157894736842,28.735949378975594,At Risk
Pandit Ji Sweets & Restaurant Dairy,53504.0,259,4.195567119591404,2025-08-30,Dehradun,Uttarakhand,0.10092712884037665,2,0.012570312122328748,0.5965723392508075,0.019070145613127355,0.9947368421052631,28.72875399573256,At Risk
Odiani Hotel & Restaurant,28757.0,149,4.215467101312516,2025-08-30,Bhubaneswar,Odisha,0.05424569086540654,2,0.0067431445423184536,0.6086265105100837,0.01093946337497228,0.9947368421052631,28.694678785547325,At Risk
Singh's Tandoor.,1370.0,14,4.236363636363635,2025-08-31,Shimla,Himachal Pradesh,0.002584295875286259,1,0.00029433707015043715,0.6212843317966441,0.0009608988099637814,1.0,28.66952141290462,At Risk
7Th Heaven,47250.0,139,4.201829268292682,2025-08-31,Guwahati,Assam,0.08912991248706259,1,0.01109768489295208,0.6003655594634765,0.010200310444230911,1.0,28.658880388506997,At Risk
Apna Vaishno Dhaba,30607.0,150,4.209143013100436,2025-08-31,Chandigarh,Punjab,0.0577354334707201,1,0.0071787634061411,0.6047957711940621,0.011013378668046418,1.0,28.651291245428435,At Risk
Confucius (Silpukhuri),62862.0,205,4.186395384148193,2025-08-31,Guwahati,Assam,0.11857956738120058,1,0.014773837164302977,0.5910166723498707,0.015078719787123955,1.0,28.623028052810717,At Risk
Emerald 3:14,9805.0,74,4.238840579710144,2025-08-26,Aizawl,Mizoram,0.018495635808161874,6,0.0022805236195255867,0.6227847100239599,0.005395816394412003,0.9736842105263158,28.619520678651217,At Risk
Cholo Khai,28555.0,174,4.209028727770178,2025-08-30,Agartala,Tripura,0.05386464869985338,2,0.006695579671782143,0.6047265442488992,0.012787345701825707,0.9947368421052631,28.612734849427408,At Risk
IGP Cakes,30009.0,79,4.215887850467289,2025-08-30,Patna,Bihar,0.05660739775289441,2,0.00703795255178113,0.6088813741798051,0.005765392859782689,0.9947368421052631,28.610635605713686,At Risk
Eikhoi Chakshang,6080.0,23,4.267412140575079,2025-08-18,Imphal,Manipur,0.011468991913679165,14,0.0014033991504772841,0.6400915846049235,0.001626136447631015,0.9315789473684211,28.607195706803623,At Risk
Sagar Restaurant,17105.0,64,4.237980085348506,2025-08-25,Imphal,Manipur,0.03226597149399377,7,0.003999452109204139,0.6222634760576082,0.004656663463670633,0.968421052631579,28.605226161685614,At Risk
Hong's Kitchen - Hearty! Tasty! Chinese!,4570.0,30,4.264423076923077,2025-08-19,New Delhi,Delhi,0.008620607408801608,13,0.0010478399697355558,0.6382809957475537,0.0021435434991499743,0.9368421052631579,28.601635393830616,At Risk
Kamats Legacy,13100.0,61,4.254367201426025,2025-08-20,Mumbai,Maharashtra,0.02471115034032846,12,0.0030563961364421387,0.632189771790558,0.0044349175844482225,0.9421052631578948,28.597699982442336,At Risk
Rollarappaa,8342.0,28,4.253553299492387,2025-08-22,Dehradun,Uttarakhand,0.01573590962893283,10,0.0019360315126215153,0.6316967606192998,0.0019957129130017,0.9526315789473684,28.594574126817573,At Risk
Kaveri - Lalpur,83321.0,337,4.162431829449678,2025-08-31,Ranchi,Jharkhand,0.15717234790126014,1,0.019591310858869213,0.5765010413123566,0.024835538472910042,1.0,28.575394443183665,At Risk
FreshMenu,193490.0,722,4.07189709064679,2025-08-31,Bengaluru,Karnataka,0.36498934956871404,1,0.045532767403992015,0.5216607272991016,0.053292926306452805,1.0,28.536991041261782,At Risk
Shivansh fast food and restaurant,39506.0,196,4.1965883668903805,2025-08-30,Agartala,Tripura,0.07452203857595543,2,0.009274207875956092,0.5971909473486674,0.014413482149456721,0.9947368421052631,28.522334799540033,At Risk
The Story House,66542.0,232,4.17632241813602,2025-08-31,Shimla,Himachal Pradesh,0.12552132564474325,1,0.015640365498825866,0.5849150960217484,0.017074432700125652,1.0,28.514556154608,At Risk
Wendy's Burgers,115426.0,554,4.124644907827138,2025-08-31,Bengaluru,Karnataka,0.21773352970860713,1,0.027151064168613043,0.5536120743282464,0.04087515706999778,1.0,28.51190793799187,At Risk
New Chanakya,57717.0,232,4.179704962002682,2025-08-31,Shimla,Himachal Pradesh,0.10887431024372045,1,0.01356234578356378,0.5869640307208943,0.017074432700125652,1.0,28.49290340697189,At Risk
Dilli Dhaba And Restaurant,20395.0,130,4.209811320754716,2025-08-30,Patna,Bihar,0.03847205428938923,2,0.004774147277840089,0.6052005904060329,0.009535072806563677,0.9947368421052631,28.485053480478495,At Risk
Bawarchi Ac Family Restaurant,16193.0,78,4.216508639787328,2025-08-29,Bhubaneswar,Odisha,0.030545622706941895,3,0.003784703782822381,0.609257409740267,0.005691477566708552,0.9894736842105263,28.43767683696034,At Risk
Vrindavan Restaurant,9104.0,46,4.21599841206828,2025-08-31,Indore,Madhya Pradesh,0.01717330631285117,1,0.002115459390585222,0.6089483455213731,0.003326188188336167,1.0,28.41959250503132,At Risk
Talk Of The Town (Bt Road),390.0,1,4.4,2025-07-01,Imphal,Manipur,0.0007356754681471833,62,6.357680715249442e-05,0.7204050636225063,0.0,0.6789473684210526,28.404168665171813,At Risk
Hotel Sitara Grand - Dhanturi Group of hotels,14250.0,61,4.222094463116929,2025-08-27,Hyderabad,Telangana,0.026880449797685543,5,0.0033271862409805413,0.6126409541064226,0.0044349175844482225,0.9789473684210527,28.390488108731393,At Risk
Swasti Niramish Hotel,2054.0,37,4.241770557864249,2025-08-23,Agartala,Tripura,0.003874557465575165,9,0.0004553983149367563,0.6245595085614908,0.0026609505506689332,0.9578947368421052,28.387167568876627,At Risk
Maa Saradar Ranna Ghor,4069.0,31,4.277892695539755,2025-08-10,Agartala,Tripura,0.0076755473843356115,22,0.0009298696720192609,0.6464400529707226,0.0022174587922241112,0.8894736842105263,28.369482393952193,At Risk
Radhe Bol,10720.0,84,4.212037519541427,2025-08-30,Agartala,Tripura,0.020221643637276424,2,0.002495978354875707,0.6065490831739302,0.0061349693251533735,0.9947368421052631,28.366379436968636,At Risk
Shanghai Flavours of China Town,6991.0,30,4.313773584905661,2025-07-28,Kolkata,West Bengal,0.013187454353376815,35,0.0016179120072029225,0.6681744641582923,0.0021435434991499743,0.8210526315789474,28.363347590809358,At Risk
Pizza Jalapenia (Uptown),1397.0,3,4.570476190476191,2025-05-02,Srinagar,Jammu and Kashmir,0.002635227253850295,122,0.0003006947508656866,0.8236689371490251,0.00014783058614827407,0.3631578947368421,28.356631463596766,At Risk
Anna Punjabi,31957.0,164,4.1983532450758805,2025-08-28,Raipur,Chhattisgarh,0.06028200239892188,4,0.007496647441903572,0.5982600007879078,0.012048192771084336,0.9842105263157894,28.330735039892957,At Risk
The Meating Point,14073.0,47,4.219928825622775,2025-08-27,Srinagar,Jammu and Kashmir,0.026546566315987976,5,0.0032855081118472397,0.611329145602983,0.003400103481410304,0.9789473684210527,28.328770446402114,At Risk
Like Momo,3638.0,26,4.223478260869566,2025-08-28,Imphal,Manipur,0.006862531674665263,4,0.0008283822502313902,0.6134791727205027,0.0018478823268534257,0.9842105263157894,28.316573381319298,At Risk
Amritsari Food Platter,21952.0,127,4.210188333769291,2025-08-25,Chandigarh,Punjab,0.0414090971199153,7,0.005140773532419474,0.6054289614421648,0.009313326927341267,0.968421052631579,28.238976849424336,At Risk
Y Not Food Express,23177.0,146,4.215313544328681,2025-08-22,Guwahati,Assam,0.04371987262883914,10,0.005429223861166902,0.6085334952396604,0.01071771749574987,0.9526315789473684,28.21384395102517,At Risk
New Blue Moon,43435.0,184,4.17560975609756,2025-08-31,Imphal,Manipur,0.08193349733069975,1,0.010199368154852947,0.5844834096824356,0.013526498632567078,1.0,28.21300698931853,At Risk
Wow! China,212367.0,729,4.0431073446327686,2025-08-31,Chennai,Tamil Nadu,0.40059792857439197,1,0.049977728102575864,0.5042216897247149,0.053810333357971765,1.0,28.201966483003915,At Risk
Fast Pizza,32959.5,105,4.1860749348827895,2025-08-31,Jaipur,Rajasthan,0.062173065621530986,1,0.007732705772164223,0.590822564115038,0.0076871904797102516,1.0,28.187728963931914,At Risk
Hotspot Grill,27099.0,104,4.189830755763058,2025-08-30,Srinagar,Jammu and Kashmir,0.051118126952103896,2,0.006352735852470914,0.5930976068132878,0.007613275186636115,0.9947368421052631,28.146671563282826,At Risk
The Master Chef,17925.0,76,4.201424501424501,2025-08-28,Srinagar,Jammu and Kashmir,0.033812776324457075,4,0.004192537227222825,0.600120376868964,0.005543646980560278,0.9842105263157894,28.12429099792693,At Risk
Appu Donne Biriyani Palace,7488.0,41,4.204470938897168,2025-08-29,Bengaluru,Karnataka,0.014124968988425917,3,0.0017349404262947362,0.6019657192185619,0.0029566117229654814,0.9894736842105263,28.08223827017322,At Risk
Mikado Restaurant,32125.0,107,4.179783804285985,2025-08-31,Shillong,Meghalaya,0.06059890875443144,1,0.007536206344131792,0.5870117884725712,0.007835021065858526,1.0,28.06850232925958,At Risk
Rominus Pizza and Burger,38312.05,181,4.172800361790864,2025-08-30,Jaipur,Rajasthan,0.07226983415238024,2,0.0089930688800312,0.5827816533400254,0.013304752753344666,0.9947368421052631,28.056635831521536,At Risk
Cafe Ertugrul,19672.0,82,4.230673427630994,2025-08-16,Srinagar,Jammu and Kashmir,0.03710822515228561,16,0.0046039027164650765,0.6178375572455139,0.0059871387390051,0.9210526315789473,28.049551916593597,At Risk
Perambur Sri Annapoorani,7608.0,66,4.227096241222636,2025-08-19,Chennai,Tamil Nadu,0.014351330670932742,13,0.0017631967850291782,0.615670720200284,0.004804494049818907,0.9368421052631579,28.005160411037643,At Risk
The biryani story (HALAL),14820.0,67,4.191130268199235,2025-08-30,Shillong,Meghalaya,0.027955667789592964,2,0.0034614039449691407,0.5938847706247308,0.004878409342893044,0.9947368421052631,27.999935884451183,At Risk
Infusion,10217.0,47,4.20310734463277,2025-08-27,Imphal,Manipur,0.019272810918101978,5,0.0023775371178471707,0.6011397386211135,0.003400103481410304,0.9789473684210527,27.986769397186023,At Risk
Dosa Hub,14219.0,92,4.1886363636363635,2025-08-30,Panaji,Goa,0.026821973029704613,2,0.0033198866816408104,0.5923741183474349,0.006726291669746471,0.9947368421052631,27.985913272136244,At Risk
Monginis Cake Shop,1867.0,38,4.213636363636364,2025-08-25,Bhubaneswar,Odisha,0.003521810510335362,7,0.0004113654892422509,0.6075175634874976,0.0027348658437430706,0.968421052631579,27.980889367385263,At Risk
Goila Butter Chicken,113440.0,347,4.11396245821548,2025-08-30,Bengaluru,Karnataka,0.21398724386311913,2,0.026683421431558024,0.5471413107420213,0.02557469140365141,0.9947368421052631,27.940438428648623,At Risk
Dhaba 14,21780.0,153,4.173787359137678,2025-08-31,Jaipur,Rajasthan,0.04108464537498885,1,0.0051002727515667735,0.5833795149470196,0.01123512454726883,1.0,27.930098849418638,At Risk
Smoke House - Sangaiprou,20020.0,70,4.187145557655955,2025-08-29,Imphal,Manipur,0.03776467403155541,3,0.0046858461567949585,0.5914710808042836,0.005100155222115456,0.9894736842105263,27.928306216947874,At Risk
Bikaner Sweets And Namkeen,4387.0,31,4.200281690140845,2025-08-28,Mumbai,Maharashtra,0.0082754058429787,4,0.001004749022665532,0.5994281328697846,0.0022174587922241112,0.9842105263157894,27.909488386002536,At Risk
Udupi Cafe North India,13159.0,71,4.186154553817846,2025-08-30,Dehradun,Uttarakhand,0.02482244483422765,2,0.0030702888461532395,0.5908707923140435,0.005174070515189593,0.9947368421052631,27.899785154623856,At Risk
Barq Foods,120.0,1,4.4,2025-06-21,Srinagar,Jammu and Kashmir,0.00022636168250682562,72,0.0,0.7204050636225063,0.0,0.6263157894736842,27.87530980341203,At Risk
Pablo's Kitchen,24487.0,90,4.184070796460175,2025-08-27,Lucknow,Uttar Pradesh,0.04619098766287199,5,0.00573768911068456,0.5896085817048,0.006578461083598196,0.9789473684210527,27.838807921453874,At Risk
China Belly By Wow! Momo,86119.59,338,4.117991892734643,2025-08-31,Kolkata,West Bengal,0.16245146074331662,1,0.020250293883791064,0.5495820915654779,0.02490945376598418,1.0,27.79566357763566,At Risk
Street Foods by Punjab Grill,5320.0,20,4.1966244725738395,2025-08-27,Lucknow,Uttar Pradesh,0.010035367924469268,5,0.0012244422118258182,0.5972128179261356,0.0014043905684086038,0.9789473684210527,27.782923721835793,At Risk
Bawarchi Fast Food,41173.0,180,4.152108971814212,2025-08-31,Bhubaneswar,Odisha,0.07766657961544608,1,0.009666735792708714,0.5702480961807033,0.013230837460270529,1.0,27.75872906633485,At Risk
Mughlai Restaurant,52007.0,206,4.14995912110373,2025-08-29,Bhubaneswar,Odisha,0.09810326685110399,3,0.012217814047116582,0.5689458503289622,0.015152635080198092,0.9894736842105263,27.754877615462753,At Risk
Brijwasi Pure Veg,12455.0,113,4.174641148325359,2025-08-30,Ranchi,Jharkhand,0.023494456296854274,2,0.0029045182082445132,0.5838966873360132,0.008278512824303348,0.9947368421052631,27.746020025948877,At Risk
Go Zero Ice Creams & Desserts,7678.0,42,4.249372384937239,2025-08-07,Hyderabad,Telangana,0.014483374985728393,25,0.001779679660957603,0.6291642226112533,0.0030305270160396183,0.8736842105263158,27.74356651035985,At Risk
Matkawala,57005.0,229,4.141307832033337,2025-08-30,Patna,Bihar,0.10753123092751328,2,0.01339469138840609,0.56370543747183,0.016852686820903243,0.9947368421052631,27.731372937161836,At Risk
Frespresso,37994.0,123,4.165375586854459,2025-08-28,Agartala,Tripura,0.07166988137636943,4,0.008918177755902122,0.5782841864629553,0.009017665755044719,0.9842105263157894,27.72771128238353,At Risk
SHARMA DHABA,8548.0,80,4.179166666666667,2025-08-29,Jaipur,Rajasthan,0.016124497183902877,3,0.0019845382617823073,0.5866379648852909,0.005839308152856826,0.9894736842105263,27.690043482192415,At Risk
Sanjauli Cafe,4218.0,28,4.207692307692308,2025-08-21,Shimla,Himachal Pradesh,0.007956613140114921,11,0.000964954650781193,0.6039170240835667,0.0019957129130017,0.9473684210526316,27.669707377324603,At Risk
Downtown Multicuisine,21170.0,95,4.184300051029086,2025-08-24,Dehradun,Uttarakhand,0.039933973488912484,8,0.004956636261333361,0.5897474498642965,0.006948037548968881,0.9631578947368421,27.66122864473003,At Risk
Kuppuswami,18055.0,121,4.164416936056138,2025-08-30,Ranchi,Jharkhand,0.03405800148050614,2,0.004223148282518472,0.5777034954320408,0.008869835168896445,0.9947368421052631,27.624795918692524,At Risk
Shahi Dhaba,422.0,9,4.336585365853658,2025-07-07,Srinagar,Jammu and Kashmir,0.0007960385834823367,56,7.111183614834561e-05,0.6819924222916165,0.0005913223445930963,0.7105263157894737,27.579706746981024,At Risk
DQ Grill & Chill,22845.0,83,4.1585492227979275,2025-08-31,Srinagar,Jammu and Kashmir,0.04309360530723693,1,0.005351047935334947,0.5741491996791082,0.006061054032079237,1.0,27.55973898842823,At Risk
Nirmala Hotel & Restaurant,4800.0,18,4.189079229122055,2025-08-25,Agartala,Tripura,0.009054467300273025,7,0.0011019979906432365,0.5926423787149151,0.0012565599822603295,0.968421052631579,27.532693007034183,At Risk
Home Plate by EatFit,43012.0,179,4.144474393530997,2025-08-29,Bengaluru,Karnataka,0.08113557239986319,3,0.010099764490314038,0.5656235434847279,0.013156922167196392,0.9894736842105263,27.53057216960359,At Risk
Ram Krishna Dalbati,1015.0,14,4.213245033112582,2025-08-17,Ahmedabad,Gujarat,0.0019146425645369001,15,0.00021074534222771297,0.6072805197947564,0.0009608988099637814,0.9263157894736842,27.509221278467923,At Risk
Sherowali Restaurant and Fast Foods,512.0,5,4.239024390243903,2025-08-07,Agartala,Tripura,0.0009658098453624559,25,9.230410519917706e-05,0.6228960510133255,0.00029566117229654814,0.8736842105263158,27.433329023316823,At Risk
Punjabi Rasoi,19495.0,99,4.157677453722201,2025-08-29,Patna,Bihar,0.036774341670588045,3,0.004562224587331775,0.5736211361921852,0.007243698721265429,0.9894736842105263,27.430733885789397,At Risk
Sanjha Chulha,6664.0,20,4.195840386940749,2025-08-20,Indore,Madhya Pradesh,0.012570618768545715,12,0.001540913429651568,0.5967378676153428,0.0014043905684086038,0.9421052631578948,27.412913008593463,At Risk
Tree Cafe And Restaurants,36568.0,153,4.146143437077131,2025-08-28,Dehradun,Uttarakhand,0.06897995004924665,4,0.008582398026274503,0.5666345462598184,0.01123512454726883,0.9842105263157894,27.4091400629488,At Risk
Hotel Maharaja and Fast Food,23091.0,133,4.145264906774968,2025-08-31,Bhubaneswar,Odisha,0.04355764675637592,1,0.0054089734707405525,0.5661023872424304,0.009756818685786088,1.0,27.394566929818254,At Risk
Maa Ki Rasoi,102015.0,648,4.06206514324693,2025-08-31,Indore,Madhya Pradesh,0.19243572534111514,1,0.02399318061038303,0.5157051450563115,0.04782319461896666,1.0,27.387345468484003,At Risk
Shri Shyam Bhature Wala,538.0,6,4.444897959183674,2025-05-27,Jaipur,Rajasthan,0.001014854876572268,97,9.842631625830615e-05,0.7476014548944545,0.00036957646537068517,0.49473684210526314,27.38674064984401,At Risk
Miles - City Mall,12068.0,57,4.165047995482778,2025-08-28,Srinagar,Jammu and Kashmir,0.022764439870769763,4,0.002813391451325938,0.578085751984339,0.004139256412151674,0.9842105263157894,27.379998608984135,At Risk
Momo Nation Cafe,31926.0,171,4.139211391018621,2025-08-30,Patna,Bihar,0.06022352563094096,2,0.007489347882563843,0.5624355438920006,0.012565599822603296,0.9947368421052631,27.371320649567267,At Risk
Krishnaz,13445.0,81,4.155913978494624,2025-08-30,Chandigarh,Punjab,0.02536194017753559,2,0.00313763316780366,0.5725529325775986,0.005913223445930963,0.9947368421052631,27.367726194011354,At Risk
City Wok Restaurant,29853.0,134,4.145772594752185,2025-08-29,Srinagar,Jammu and Kashmir,0.05631312756563554,3,0.0070012192854263565,0.5664099130436808,0.009830733978860225,0.9894736842105263,27.363697684409942,At Risk
Udupi Grand,25390.0,179,4.137452572721827,2025-08-31,Bengaluru,Karnataka,0.047894359323735855,1,0.005950318210161236,0.5613701611564474,0.013156922167196392,1.0,27.342256006443797,At Risk
Habitat Restaurant,29090.0,124,4.138405797101449,2025-08-31,Srinagar,Jammu and Kashmir,0.05487384453436297,1,0.0068215559378065295,0.5619475652004065,0.009091581048118856,1.0,27.313120814486837,At Risk
Little Persia,28541.0,86,4.143113772455091,2025-08-30,Srinagar,Jammu and Kashmir,0.053838239836894244,2,0.006692283096596458,0.5647993638599518,0.006282799911301648,0.9947368421052631,27.284696658941076,At Risk
Hotel Niramish Bhojanalay,3205.0,55,4.1616116396194744,2025-08-29,Agartala,Tripura,0.006045743270286468,3,0.0007264238891312788,0.5760042213244319,0.0039914258260034,0.9894736842105263,27.283748953923535,At Risk
La Milano Pizzeria,9100.0,44,4.168067226890757,2025-08-26,Ahmedabad,Gujarat,0.017165760923434276,6,0.00211451751196074,0.5799146145920138,0.0031783576021878926,0.9736842105263158,27.28242839554576,At Risk
Tea Time,1660.0,43,4.180689655172413,2025-08-23,Lucknow,Uttar Pradesh,0.003131336608011088,9,0.00036262327042533855,0.5875604966007191,0.0031044423091137557,0.9578947368421052,27.282356043441915,At Risk
PVR Cafe,5271.0,19,4.171875,2025-08-25,Raipur,Chhattisgarh,0.009942936904112316,7,0.0012129041986759213,0.582221126719439,0.0013304752753344668,0.968421052631579,27.225970001352685,At Risk
Walk In Woods,7293.0,29,4.164086021505376,2025-08-27,Dehradun,Uttarakhand,0.013757131254352328,5,0.0016890238433512684,0.5775030479782206,0.002069628206075837,0.9789473684210527,27.223518641412713,At Risk
Bowl Soul,119771.0,442,4.060186418109187,2025-08-31,Bengaluru,Karnataka,0.22592970896270845,1,0.028174179824455962,0.5145671302140444,0.03259664424569443,1.0,27.21591398431346,At Risk
Quick Bites,32820.0,194,4.127835051546393,2025-08-30,Guwahati,Assam,0.061909920165616805,2,0.007699857755135434,0.5555444649843047,0.014265651563308447,0.9947368421052631,27.207009712053353,At Risk
Roll's Hut,18720.0,99,4.14123006833713,2025-08-29,Srinagar,Jammu and Kashmir,0.035312422471064794,3,0.0043797356038385036,0.563658333061134,0.007243698721265429,0.9894736842105263,27.12455023251813,At Risk
Big Fat Sandwich & Pizza,8035.0,22,4.1874213836477985,2025-08-17,Panaji,Goa,0.015156800991186197,15,0.0018637423281925676,0.5916381590353108,0.0015522211545568776,0.9263157894736842,27.117896782015006,At Risk
Auckland Hotel And Restaurant,36756.0,156,4.120057306590258,2025-08-31,Shimla,Himachal Pradesh,0.06933458335184069,1,0.008626666321625131,0.5508331908220394,0.01145687042649124,1.0,27.099199786056015,At Risk
Pizza Crust,22928.0,123,4.140331491712707,2025-08-27,Jaipur,Rajasthan,0.04325017213763748,5,0.005370591916792935,0.5631140312284901,0.009017665755044719,0.9789473684210527,27.078071612837846,At Risk
Hungry Panda,8069.0,35,4.200429799426933,2025-08-11,Kohima,Nagaland,0.015220936801229799,21,0.0018717482965006594,0.5995178482637287,0.0025131199645206594,0.8947368421052632,27.058036200114934,At Risk
37 The Central Restaurant,20370.0,74,4.138410596026491,2025-08-28,Shimla,Himachal Pradesh,0.038424895605533645,4,0.00476826053643708,0.5619504720907305,0.005395816394412003,0.9842105263157894,26.999266175225532,At Risk
Tibet Kitchen,37970.0,171,4.115403573629082,2025-08-30,Kohima,Nagaland,0.07162460903986807,2,0.008912526484155235,0.5480142488302766,0.012565599822603296,0.9947368421052631,26.995608941779203,At Risk
Stream Restaurant,33424.0,99,4.1233853006681525,2025-08-30,Srinagar,Jammu and Kashmir,0.06304927396756783,2,0.007842081427432127,0.5528490826518415,0.007243698721265429,0.9947368421052631,26.991398132130474,At Risk
New Little Hut Family Restaurant,23574.9,134,4.123848192153175,2025-08-29,Raipur,Chhattisgarh,0.044470450241084696,3,0.005522917237337189,0.5531294735242107,0.009830733978860225,0.9894736842105263,26.906152416902273,At Risk
ROMNIK PIZZA,30720.0,122,4.117364016736402,2025-08-30,Dehradun,Uttarakhand,0.05794859072174736,2,0.0072053714772827,0.549201763336113,0.008943750461970582,0.9947368421052631,26.890511189466743,At Risk
Grand Biryani Mahal,19676.0,94,4.127548543689319,2025-08-29,Patna,Bihar,0.03711577054170251,3,0.004604844595089559,0.5553709163436729,0.0068741222558947445,0.9894736842105263,26.877540561336925,At Risk
Ghar Ka Tadka,24996.0,114,4.117276264591441,2025-08-30,New Delhi,Delhi,0.04715113846617178,2,0.005857543165649818,0.5491486085443875,0.008352428117377485,0.9947368421052631,26.8231769663578,At Risk
51 Rainbows,16050.0,79,4.121782178217823,2025-08-31,Kohima,Nagaland,0.030275875035287926,1,0.0037510316219971705,0.551878010776667,0.005765392859782689,1.0,26.82168944537555,At Risk
Anna Snacks,25510.0,188,4.11354125149462,2025-08-29,Mumbai,Maharashtra,0.04812072100624268,3,0.005978574568895678,0.5468861699072232,0.013822159804863626,0.9894736842105263,26.81690811817506,At Risk
Veer Ji Malai Chaap Wale,32632.0,150,4.1054545454545455,2025-08-31,Patna,Bihar,0.06155528686302278,1,0.007655589459784808,0.5419877463359559,0.011013378668046418,1.0,26.786123541830996,At Risk
Noor The Biryani House,17266.600000000002,31,4.130472103004292,2025-08-28,Gangtok,Sikkim,0.0325708052264363,4,0.004037504005633188,0.5571418267476731,0.0022174587922241112,0.9842105263157894,26.7622094016579,At Risk
Shri Ganpati Misthan Bhandar,7000.0,33,4.144271685761048,2025-08-25,Lucknow,Uttar Pradesh,0.013204431479564828,7,0.0016200312341080058,0.56550075572498,0.002365289378372385,0.968421052631579,26.761340234996954,At Risk
Health Mantra,2176.0,14,4.187964338781576,2025-08-11,Lucknow,Uttar Pradesh,0.004104691842790438,21,0.00048412561298343893,0.5919670474865857,0.0009608988099637814,0.8947368421052632,26.744962846368814,At Risk
Gulab Sweets And Restaurant,6425.0,28,4.139517153748412,2025-08-26,Srinagar,Jammu and Kashmir,0.012119781750886287,6,0.0014846361818388045,0.5626207559369796,0.0019957129130017,0.9736842105263158,26.714764488906134,At Risk
The Spicy Treat,3930.0,24,4.151724137931034,2025-08-21,Agartala,Tripura,0.007413345102098539,11,0.0008971393898185323,0.5700149877487855,0.001700051740705152,0.9473684210526316,26.64402045339672,At Risk
Hosanna Restaurant,9710.0,67,4.133333333333333,2025-08-25,Gangtok,Sikkim,0.01831643280951064,7,0.0022581540021941538,0.5588749821285095,0.004878409342893044,0.968421052631579,26.6383543371167,At Risk
Lalaji Dilli Wale,6380.0,61,4.163387978142076,2025-08-14,Ahmedabad,Gujarat,0.012034896119946228,18,0.001474040047313389,0.5770802167231199,0.0044349175844482225,0.9105263157894736,26.565329613169837,At Risk
Bread Cafe,32891.0,120,4.103128621089223,2025-08-28,Shillong,Meghalaya,0.06204385082776668,4,0.007716576100719979,0.5405788460149079,0.008795919875822308,0.9842105263157894,26.544052085150376,At Risk
Haona Chao,14190.0,59,4.106042296072508,2025-08-31,Imphal,Manipur,0.026767268956432128,1,0.00331305806161332,0.5423437691055222,0.004287086998299948,1.0,26.4885771355962,At Risk
Wok N Roll,10840.0,77,4.123076923076922,2025-08-24,Kohima,Nagaland,0.020448005319783247,8,0.0025242347136101486,0.5526622866864321,0.005617562273634415,0.9631578947368421,26.424768181978482,At Risk
New Mughlai Restaurant,11235.0,54,4.117292937241787,2025-08-25,Bhubaneswar,Odisha,0.021193112524701546,7,0.0026172452277776867,0.5491587077990219,0.003917510532929263,0.968421052631579,26.34201178005614,At Risk
Sindhi Sweets,11250.0,37,4.0977701543739276,2025-08-30,Chandigarh,Punjab,0.0212214077350149,2,0.002620777272619492,0.537333020145391,0.0026609505506689332,0.9947368421052631,26.225409127332522,At Risk
Big Hunger Ashoka Biryani,25930.0,137,4.081889763779527,2025-08-30,Raipur,Chhattisgarh,0.048912986895016566,2,0.0060774718244662245,0.5277136671946283,0.010052479858082638,0.9947368421052631,26.222926907031784,At Risk
A1,6360.0,45,4.102215189873419,2025-08-29,Imphal,Manipur,0.011997169172861758,3,0.001469330654190982,0.5400255461946784,0.0032522728952620295,0.9894736842105263,26.219321912018493,At Risk
Mama's Kitchen,14786.0,117,4.085674676524951,2025-08-31,Gangtok,Sikkim,0.02789153197954936,1,0.003453397976661048,0.530006331935438,0.008574173996599896,1.0,26.20980935706158,At Risk
Anjappar,12245.0,36,4.1340328221684155,2025-08-16,Chennai,Tamil Nadu,0.02309832335246733,16,0.00285506958045924,0.5592986889605158,0.0025870352575947963,0.9210526315789473,26.155430472975215,At Risk
NDS Cafe,2757.0,23,4.108333333333332,2025-08-26,Raipur,Chhattisgarh,0.005200659655594318,6,0.0006209334831893621,0.5437315369884468,0.001626136447631015,0.9736842105263158,26.106148283196756,At Risk
Swu'S Kitchen,3560.0,15,4.262068965517242,2025-07-04,Kohima,Nagaland,0.006715396581035827,59,0.000810015617054003,0.6368550214704398,0.0010348141030379187,0.6947368421052632,26.10611597190875,At Risk
Tiffin aaw,4450.0,17,4.200704225352113,2025-07-24,Srinagar,Jammu and Kashmir,0.008394245726294783,39,0.001019583611001114,0.5996840784214474,0.0011826446891861925,0.8,26.054958590867194,At Risk
Crush Restaurant,18097.0,73,4.089915966386555,2025-08-27,Imphal,Manipur,0.034137228069383525,5,0.004233038008075526,0.5325754415491306,0.0053219011013378665,0.9789473684210527,26.042496473034227,At Risk
The Temptations - 24/7,11760.0,50,4.109354838709677,2025-08-22,Panaji,Goa,0.02218344488566891,10,0.0027408667972408703,0.5443503014135254,0.0036218493606327146,0.9526315789473684,26.038896490981735,At Risk
Mughal Darbar Since 1999,8391.0,40,4.090606420927467,2025-08-29,Srinagar,Jammu and Kashmir,0.01582834064928978,3,0.001947569525771412,0.532993675967611,0.0028826964298913444,0.9894736842105263,26.020103830762274,At Risk
N Chennai Express,10795.0,82,4.080145899053628,2025-08-31,Patna,Bihar,0.020363119688843186,1,0.0025136385790847328,0.5266573424022947,0.0059871387390051,1.0,26.020008590012335,At Risk
Jashan Restaurant,27713.0,93,4.078823529411765,2025-08-28,Shimla,Himachal Pradesh,0.052276344227597145,4,0.006497314221328807,0.5258563331172375,0.006800206962820608,0.9842105263157894,26.01369196478458,At Risk
Al-Baik,26381.0,85,4.068526294741052,2025-08-31,Srinagar,Jammu and Kashmir,0.04976372955177139,1,0.006183668639376503,0.5196189087840257,0.006208884618227511,1.0,25.960091701460385,At Risk
Southern Taste,27384.0,131,4.098342967244701,2025-08-19,Shillong,Meghalaya,0.0516557359480576,13,0.006419844704465213,0.5376799945567541,0.009608988099637814,0.9368421052631579,25.947794439505568,At Risk
Kolkata Royal Biryani House,420.0,4,4.158823529411765,2025-08-06,Patna,Bihar,0.0007922658887738896,26,7.06408968361049e-05,0.5743153575654363,0.0002217458792224111,0.868421052631579,25.920931806736768,At Risk
Appetite Classic,4090.0,18,4.112568306010928,2025-08-20,Panaji,Goa,0.007715160678774306,12,0.0009348145347977883,0.5462968200449603,0.0012565599822603295,0.9421052631578948,25.872481013964876,At Risk
BIZZA Cafe Heritage,43160.0,146,4.044466720128309,2025-08-31,Srinagar,Jammu and Kashmir,0.08141475180828828,1,0.01013461399941985,0.5050451148543735,0.01071771749574987,1.0,25.771092355522995,At Risk
Salem RR Biriyani Unavagam,35776.01,128,4.047366541688985,2025-08-30,Chennai,Tamil Nadu,0.06748598180817515,2,0.008395908413323749,0.5068016464031757,0.009387242220415403,0.9947368421052631,25.674998994089158,At Risk
Krishna Restaurant,11214.0,109,4.059285714285713,2025-08-30,Chandigarh,Punjab,0.021153499230262853,2,0.0026123003649991595,0.5140215398565156,0.0079828516520068,0.9947368421052631,25.6321636643882,At Risk
Spice Garden,12082.0,75,4.053256704980842,2025-08-30,Guwahati,Assam,0.022790848733728893,2,0.002816688026511623,0.5103695409902258,0.00546973168748614,0.9947368421052631,25.480516805569597,At Risk
Cafe Parizaad,17818.0,110,4.046582597730138,2025-08-30,Srinagar,Jammu and Kashmir,0.03361093715755516,2,0.0041673419740179485,0.5063267819098289,0.008056766945080937,0.9947368421052631,25.465000896209837,At Risk
Copper Kitchen,24287.0,70,4.086713286713287,2025-08-16,Chennai,Tamil Nadu,0.04581371819202728,16,0.00569059517946049,0.5306354573917975,0.005100155222115456,0.9210526315789473,25.45921694916413,At Risk
Dessi Cuppa,10990.0,99,4.044966442953021,2025-08-31,Kochi,Kerala,0.02073095742291678,1,0.002559555162028201,0.5053478158616245,0.007243698721265429,1.0,25.407690656755165,At Risk
Royal Kitchen,1200.0,1,4.4,2025-05-04,Aizawl,Mizoram,0.0022636168250682563,120,0.0002543072286099777,0.7204050636225063,0.0,0.37368421052631584,25.35916630308275,At Risk
Priya Biryani,12279.0,49,4.047725118483413,2025-08-30,Agartala,Tripura,0.02316245916251093,2,0.002863075548767332,0.5070188499237731,0.0035479340675585776,0.9947368421052631,25.34341562206769,At Risk
Karigari - By Chef Harpal Singh Sokhi,12545.0,45,4.044415584415586,2025-08-31,Dehradun,Uttarakhand,0.023664227558734395,1,0.002925710477295345,0.5050141400199606,0.0032522728952620295,1.0,25.332498077595872,At Risk
Wakhra Swaad,31733.0,96,4.029591836734694,2025-08-30,New Delhi,Delhi,0.05985946059157581,2,0.007443902238932615,0.49603483562893214,0.007021952842043018,0.9947368421052631,25.26660863631876,At Risk
Ao Rice Hotel,4890.0,20,4.175,2025-07-17,Kohima,Nagaland,0.009224238562153144,46,0.001123190259694068,0.5841140573619468,0.0014043905684086038,0.763157894736842,25.22801608998276,At Risk
Zawlbuk,7440.0,77,4.04231464737794,2025-08-29,Aizawl,Mizoram,0.01403442431542319,3,0.0017236378828009598,0.5037415230290678,0.005617562273634415,0.9894736842105263,25.188279293762022,At Risk
Brown Sugar,14381.05,81,4.052416356877324,2025-08-24,Jaipur,Rajasthan,0.027127655618456533,8,0.0033580445394151125,0.5098605103740588,0.005913223445930963,0.9631578947368421,25.17998050908541,At Risk
Sumi Ethnic,700.0,2,4.3,2025-06-04,Kohima,Nagaland,0.0013204431479564827,89,0.0001365724005498028,0.6598312830622572,7.391529307413703e-05,0.5368421052631579,25.17030074638277,At Risk
Meat and Eat,42465.0,132,4.017009493670886,2025-08-29,Chennai,Tamil Nadu,0.08010374039710291,3,0.009970962588416206,0.48841323475212395,0.009682903392711951,0.9894736842105263,25.139630456059862,At Risk
Harishankar Veg Restro,12487.0,74,4.030826140567201,2025-08-30,Jaipur,Rajasthan,0.02355481941218943,2,0.002912053237240365,0.4967825001238819,0.005395816394412003,0.9947368421052631,25.075241882146948,At Risk
Dawat,6593.0,45,4.032644017725258,2025-08-31,Agartala,Tripura,0.012436688106395845,1,0.0015241950840670236,0.49788365704445825,0.0032522728952620295,1.0,25.06252297260167,At Risk
Kc Soup Bar,5723.0,30,4.042460317460317,2025-08-28,Dehradun,Uttarakhand,0.01079556590822136,4,0.0013193364832423194,0.5038297609051088,0.0021435434991499743,0.9842105263157894,25.05264241962385,At Risk
Le Zara,5560.0,24,4.1009216589861754,2025-08-08,Imphal,Manipur,0.01048809128948292,24,0.0012809549292947021,0.5392420056335601,0.001700051740705152,0.8789473684210526,25.051973085203215,At Risk
Ramdev's Khana Khazana,38855.0,228,4.000041593012374,2025-08-31,Raipur,Chhattisgarh,0.07329402644835592,1,0.009120917129821746,0.4781351358415553,0.016778771527829105,1.0,25.04446619099611,At Risk
Pasta Paradise,7295.0,39,4.049019607843138,2025-08-25,Jaipur,Rajasthan,0.013760903949060774,7,0.001689494782663509,0.5078029710679086,0.0028087811368172075,0.968421052631579,25.04205507239593,At Risk
"UBQ-Meals,Thalis & Bowls",37696.0,89,4.015927977839334,2025-08-28,Raipur,Chhattisgarh,0.07110774986481082,4,0.008848007798378259,0.48775811972559513,0.006504545790524059,0.9842105263157894,24.958860082671357,Critical
Gayatri Ganthiya,1264.0,15,4.077777777777778,2025-08-15,Ahmedabad,Gujarat,0.002384343055738563,17,0.00026937728660168006,0.5252228818172608,0.0010348141030379187,0.9157894736842105,24.946052564884752,Critical
The Oberoi Bakers,14390.0,79,4.040462427745664,2025-08-23,Chandigarh,Punjab,0.027144538427276838,9,0.00336015199283739,0.5026195635735196,0.005765392859782689,0.9578947368421052,24.907248212535787,Critical
Punjabi Foods (Jakhan),3798.0,19,4.076310272536689,2025-08-14,Dehradun,Uttarakhand,0.007164347251341031,18,0.0008660573952106462,0.524333958412813,0.0013304752753344668,0.9105263157894736,24.896533711594245,Critical
Dream Cafe Jaipur,13732.0,115,4.013793103448276,2025-08-31,Jaipur,Rajasthan,0.025903321868197746,1,0.0032052129591102004,0.48646494559671893,0.008426343410451622,1.0,24.89068375447501,Critical
Chick Blast (Rajbagh),14045.0,77,4.022049405306495,2025-08-28,Srinagar,Jammu and Kashmir,0.026493748590069716,4,0.00327891496147587,0.49146609976670774,0.005617562273634415,0.9842105263157894,24.82959610009085,Critical
Kathi Junction,1427.0,7,4.13076923076923,2025-07-24,Ranchi,Jharkhand,0.002691817674477001,39,0.00030775884054929704,0.5573218082679903,0.0004434917584448222,0.8,24.74083443683058,Critical
Modern Foods Bakery & Restauran,31181.0,126,4.000207125103562,2025-08-28,Srinagar,Jammu and Kashmir,0.05881819685204441,4,0.007313922988754181,0.4782354048872284,0.00923941163426713,0.9842105263157894,24.666512562010258,Critical
Hungerz,3765.0,28,4.096907216494844,2025-08-02,Chandigarh,Punjab,0.0071020977886516535,30,0.0008582868965586746,0.5368103060481437,0.0019957129130017,0.8473684210526315,24.65223912609301,Critical
SK Bakers,1950.0,5,4.4,2025-04-20,Indore,Madhya Pradesh,0.003678377340735916,134,0.0004309094707002399,0.7204050636225063,0.00029566117229654814,0.30000000000000004,24.63530151094913,Critical
Anna (Truly Veg),17770.0,150,4.001357751815598,2025-08-28,Agartala,Tripura,0.03352039248455243,4,0.004156039430524172,0.4789323829868448,0.011013378668046418,0.9842105263157894,24.59658590334513,Critical
Delicious Fast Food,3685.0,25,4.010982658959538,2025-08-30,Agartala,Tripura,0.006951190000313769,2,0.0008394493240690466,0.4847625531193427,0.0017739670337792888,0.9947368421052631,24.55930232827126,Critical
Brew n Bite,14552.0,56,4.034507042253522,2025-08-19,Srinagar,Jammu and Kashmir,0.02745012669866105,13,0.0033982980771288867,0.4990121614339924,0.004065341119077537,0.9368421052631579,24.556024641118057,Critical
Red Chilliz,17780.0,91,3.997813973424775,2025-08-30,Srinagar,Jammu and Kashmir,0.03353925595809466,2,0.004158394127085375,0.47678578244084635,0.006652376376672333,0.9947368421052631,24.550325186894884,Critical
Nathu'S Sweets And Restaurant,27399.0,116,4.00016313213703,2025-08-26,Srinagar,Jammu and Kashmir,0.051684031158370954,6,0.006423376749307018,0.4782087566842197,0.008500258703525759,0.9736842105263158,24.510045049832545,Critical
chickpet Donne Biryani House,5909.0,27,4.014728682170542,2025-08-27,Bengaluru,Karnataka,0.011146426516106938,5,0.0013631338392807043,0.4870316609989125,0.001921797619927563,0.9789473684210527,24.49338482014768,Critical
The Biryani moradabadi,1245.0,8,4.03,2025-08-23,Dehradun,Uttarakhand,0.002348502456008316,9,0.0002649033631353934,0.4962820755495865,0.0005174070515189592,0.9578947368421052,24.48835391046444,Critical
Sri Vinayaka Hot Chips,8530.0,84,4.0,2025-08-29,Bengaluru,Karnataka,0.016090542931526855,3,0.001980299807972141,0.47810994138151175,0.0061349693251533735,0.9894736842105263,24.439946462372568,Critical
Shri Bhog Rasoi Dhaba,12723.0,74,4.010370370370371,2025-08-24,Ranchi,Jharkhand,0.023999997387786187,8,0.0029676240760847673,0.4843916667729453,0.005395816394412003,0.9631578947368421,24.38995024148841,Critical
Snack-A-Boo,2945.0,17,4.004980719794344,2025-08-29,Srinagar,Jammu and Kashmir,0.005555292958188345,3,0.0006652017785399879,0.4811269516600585,0.0011826446891861925,0.9894736842105263,24.37880635683234,Critical
Tasty Tastes - Nagmapal,18491.0,94,3.98667194510425,2025-08-30,Imphal,Manipur,0.0348804489269476,2,0.004325813052586944,0.47003663465601075,0.0068741222558947445,0.9947368421052631,24.358982427954327,Critical
Punjabi Darbaar Dhaba,29061.0,152,3.9752559726962455,2025-08-30,Srinagar,Jammu and Kashmir,0.054819140461090494,2,0.00681472731777904,0.4631215485807676,0.011161209254194693,0.9947368421052631,24.33682815627072,Critical
Snehalata Fast Food,13909.0,85,3.9879391714735184,2025-08-30,Kolkata,West Bengal,0.026237205349895314,2,0.003246891088243502,0.4708042415761331,0.006208884618227511,0.9947368421052631,24.325549004230915,Critical
Zero Miles,10019.0,54,3.9979865771812078,2025-08-28,Kohima,Nagaland,0.018899314141965717,4,0.002330914125935342,0.4768903350615066,0.003917510532929263,0.9842105263157894,24.32040209069909,Critical
Nisarga Family Daba,19003.0,96,3.9895833333333335,2025-08-28,Bengaluru,Karnataka,0.035846258772310055,4,0.004446373516520562,0.47180017257315265,0.007021952842043018,0.9842105263157894,24.314404437854158,Critical
Malabar Plaza,7479.0,48,3.9898035547240416,2025-08-31,Kochi,Kerala,0.014107991862237908,1,0.0017328211993896535,0.47193356899510697,0.0034740187744844407,1.0,24.296800293318483,Critical
Khana Khazana (Shankar Nagar),31987.0,207,3.978328328328329,2025-08-26,Raipur,Chhattisgarh,0.060338592819548585,6,0.007503711531587182,0.4649825905393761,0.01522655037327223,0.9736842105263158,24.290999290173374,Critical
New Delhi Sweets,8400.0,24,4.069169960474309,2025-08-02,Raipur,Chhattisgarh,0.015845317775477794,30,0.0019496887526764953,0.5200088014528301,0.001700051740705152,0.8473684210526315,24.18593683903238,Critical
Biryani Nation,418.0,4,4.3999999999999995,2025-04-09,Guwahati,Assam,0.0007884931940654426,145,7.01699575238642e-05,0.7204050636225059,0.0002217458792224111,0.24210526315789482,24.04044625613953,Critical
Patna Biryani Club,4630.0,17,3.99376582278481,2025-08-25,Patna,Bihar,0.008733788250055021,7,0.001061968149102777,0.47433366455544546,0.0011826446891861925,0.968421052631579,23.980352082726988,Critical
Singh's Town Cafe,19865.0,150,3.9536842105263172,2025-08-31,Jaipur,Rajasthan,0.037472290191650756,1,0.0046493483600963045,0.4500547167009765,0.011013378668046418,1.0,23.907883008794077,Critical
SKI Heaven Food,2803.0,20,4.003846153846155,2025-08-19,Agartala,Tripura,0.005287431633888602,13,0.0006317650873708982,0.48043970217229104,0.0014043905684086038,0.9368421052631579,23.83497053266332,Critical
Ranga Sai Andhra Tiffins,3214.25,69,3.967164234525269,2025-08-30,Chennai,Tamil Nadu,0.006063191983313036,2,0.0007286019834503921,0.4582200768575704,0.005026239929041319,0.9947368421052631,23.82363960469858,Critical
Pizza Italia,4745.0,17,4.010507246376812,2025-08-15,Dehradun,Uttarakhand,0.00895071819579073,17,0.0010890471595566174,0.48447457774472635,0.0011826446891861925,0.9157894736842105,23.759346849349882,Critical
NBC - Nothing Before Coffee,3470.0,11,3.9894736842105263,2025-08-22,Lucknow,Uttar Pradesh,0.006545625319155706,10,0.0007888233480031713,0.4717337539541173,0.0007391529307413703,0.9526315789473684,23.724664400632157,Critical
Simla Chat,30776.0,210,3.92911877394636,2025-08-31,Ranchi,Jharkhand,0.058054226173583884,1,0.0072185577780254405,0.435174503053366,0.01544829625249464,1.0,23.65294332777189,Critical
Wrap the cravings,5110.0,21,3.9740259740259725,2025-08-24,Kohima,Nagaland,0.009639234980082324,8,0.001174993584040545,0.46237649188534213,0.0014783058614827407,0.9631578947368421,23.579439564519962,Critical
UK Pizza Hut,38016.0,126,3.938191214470283,2025-08-27,Agartala,Tripura,0.07171138101816235,5,0.008923358088336771,0.44067002326778626,0.00923941163426713,0.9789473684210527,23.55129693846293,Critical
Dawat-E-Khas Restaurant,41104.0,149,3.92215088282504,2025-08-31,Imphal,Manipur,0.07753642164800466,1,0.00965048838643641,0.4309537879758607,0.01093946337497228,1.0,23.533422442232723,Critical
Babe da Dhaba,6624.0,65,3.943137254901961,2025-08-29,Raipur,Chhattisgarh,0.012495164874376774,3,0.0015314946434067543,0.4436660269452921,0.00473057875674477,0.9894736842105263,23.360589011335193,Critical
Nanta Bakers,2340.0,17,4.004522613065326,2025-08-09,Shimla,Himachal Pradesh,0.004414052808883099,23,0.0005227426365871763,0.48084945909529164,0.0011826446891861925,0.8842105263157894,23.312151635263856,Critical
Grits N Gravy,48486.0,273,3.901482213438735,2025-08-29,Shimla,Himachal Pradesh,0.0914614378168829,3,0.011388725387916835,0.4184339935370769,0.02010495971616527,0.9894736842105263,23.30540485805755,Critical
Food Hut,10657.0,48,3.9508009153318078,2025-08-25,Srinagar,Jammu and Kashmir,0.020102803753960338,7,0.0024811437665401247,0.44830819579695014,0.0034740187744844407,0.968421052631579,23.302182526375585,Critical
Manbhawan Sweets,10149.0,56,3.93213866039953,2025-08-29,Patna,Bihar,0.019144539298014778,3,0.0023615251812309874,0.43700376244667805,0.004065341119077537,0.9894736842105263,23.18061754513639,Critical
Amar Bhojnalya,8314.0,64,3.940877796901893,2025-08-25,Shimla,Himachal Pradesh,0.01568309190301457,7,0.0019294383622501454,0.44229738781448,0.004656663463670633,0.968421052631579,23.123442964513607,Critical
The Complete Comfort Zone,160.0,2,4.4,2025-03-22,Lucknow,Uttar Pradesh,0.0003018155766757675,163,9.41878624481399e-06,0.7204050636225063,7.391529307413703e-05,0.1473684210526316,23.08769117651278,Critical
Wendy's Flavour Fresh,21054.0,80,3.9466666666666663,2025-08-19,Hyderabad,Telangana,0.039715157195822554,13,0.0049293217812234,0.4458039250827124,0.005839308152856826,0.9368421052631579,23.05649783941902,Critical
New Shakti Sweets & Bakery,13974.0,77,3.9251468860164516,2025-08-24,Srinagar,Jammu and Kashmir,0.026359817927919846,8,0.003262196615891325,0.4327685803746042,0.005617562273634415,0.9631578947368421,22.857475468714888,Critical
Rama Restaurant,21136.0,125,3.8982248520710083,2025-08-30,Jaipur,Rajasthan,0.03986983767886888,2,0.004948630293025269,0.4164608866101358,0.009165496341192993,0.9947368421052631,22.822450157901578,Critical
Biryani Hut,13380.0,88,3.8984216459977454,2025-08-28,Patna,Bihar,0.025239327599511058,4,0.003122327640155837,0.41658009213147373,0.006430630497449922,0.9842105263157894,22.59301374265734,Critical
Captain Sam's Pizza,37276.0,124,3.8835184542404266,2025-08-27,Chandigarh,Punjab,0.07031548397603693,5,0.008749110542807713,0.4075526654599222,0.009091581048118856,0.9789473684210527,22.54784969068288,Critical
Swadh Restaurant,3945.0,27,3.9066666666666667,2025-08-26,Bengaluru,Karnataka,0.007441640312411893,6,0.0009006714346603376,0.4215744128586132,0.001921797619927563,0.9736842105263158,22.45853730080652,Critical
New Freeze Land,7590.0,38,3.8912727272727268,2025-08-30,Ahmedabad,Gujarat,0.01431737641855672,2,0.001758958331219012,0.4122497217905501,0.0027348658437430706,0.9947368421052631,22.439915724892757,Critical
The Great Indian Kitchen,37270.0,202,3.8584199584199586,2025-08-31,Guwahati,Assam,0.07030416589191159,1,0.00874769772487099,0.39234955767770874,0.014856973907901545,1.0,22.417534117484134,Critical
Mantu Biryani,1424.0,10,3.9731921110299484,2025-08-03,Agartala,Tripura,0.0026861586324143307,29,0.000307052431580936,0.46187138954395746,0.0006652376376672333,0.8526315789473684,22.408044325808994,Critical
Bismillah Taj Hotel,662.0,10,4.0,2025-07-22,Bengaluru,Karnataka,0.001248761948495988,41,0.00012762455361722954,0.47810994138151175,0.0006652376376672333,0.7894736842105263,22.25644481844865,Critical
Slice of Shillong,4246.0,21,3.856642512077294,2025-08-31,Shillong,Meghalaya,0.00800943086603318,1,0.0009715478011525629,0.391272891230527,0.0014783058614827407,1.0,21.80661476619157,Critical
Barbecue Live,32904.0,107,3.8427268871925366,2025-08-28,Patna,Bihar,0.06206837334337158,4,0.007719637206249543,0.38284367114924667,0.007835021065858526,0.9842105263157894,21.79290130720245,Critical
Grill Inn,72396.0,342,3.784593893434445,2025-08-31,Jaipur,Rajasthan,0.1365640030563679,1,0.017018804865754394,0.3476303190771173,0.025205114938280728,1.0,21.613764065709308,Critical
Idly Dosa for You,7940.0,68,3.8445317670416945,2025-08-29,Hyderabad,Telangana,0.014977597992534963,3,0.0018413727108611347,0.3839369551084517,0.004952324635967181,0.9894736842105263,21.585546896512604,Critical
Badmaash Kebabi,37791.0,100,3.814665249734326,2025-08-31,Dehradun,Uttarakhand,0.07128695286346205,1,0.008870377415709693,0.3658456764536977,0.007317614014339566,1.0,21.47653767052611,Critical
Anand Sweets & Savouries,133.9,1,4.0,2025-06-29,Bengaluru,Karnataka,0.0002525819107305329,64,3.2730282200728585e-06,0.47810994138151175,0.0,0.668421052631579,21.02763968888994,Critical
Annpurna Thali,14988.0,13,3.7993475682087765,2025-08-25,Patna,Bihar,0.02827257414510252,7,0.003500962847197359,0.3565671776594934,0.0008869835168896444,0.968421052631579,20.53900404032628,Critical
Health Wealth Kitchen,16246.0,62,3.7683734939759055,2025-08-29,Srinagar,Jammu and Kashmir,0.030645599116715744,3,0.0037971836745967595,0.3378050099031058,0.004508832877522359,0.9894736842105263,20.270951143732756,Critical
Mahawar Baker's & Sweets,18294.0,166,3.770408163265306,2025-08-24,Dehradun,Uttarakhand,0.034508838498165564,8,0.0042794255303312346,0.33903748601359407,0.01219602335723261,0.9631578947368421,20.217801016134146,Critical
Mr. Pizza,22932.0,60,3.7781938325991193,2025-08-22,Jaipur,Rajasthan,0.04325771752705437,10,0.005371533795417416,0.3437535602710047,0.0043610022913740856,0.9526315789473684,20.141003995248003,Critical
Logo Cafe,8819.0,62,3.789918256130791,2025-08-15,Shimla,Himachal Pradesh,0.01663569731689746,17,0.0020483505385909223,0.3508554868530336,0.004508832877522359,0.9157894736842105,19.855670021527196,Critical
House of parathas,6154.0,37,3.771112865035517,2025-08-22,Shillong,Meghalaya,0.011608581617891706,10,0.0014208239050301898,0.3394643505174857,0.0026609505506689332,0.9526315789473684,19.820298272212845,Critical
Delicious Kitchen,3840.0,31,3.707462686567164,2025-08-31,Gangtok,Sikkim,0.00724357384021842,1,0.0008759471207677008,0.3009090310858591,0.0022174587922241112,1.0,19.106657993250963,Critical
Pal Sweet and Dhaba,15800.0,160,3.672030075187971,2025-08-31,Chandigarh,Punjab,0.02980428819673204,1,0.003692164207967083,0.27944615882226076,0.011752531598787789,1.0,18.766121964962263,Critical
Jai Krishna Vaishno Dhaba,13622.0,115,3.6739875957679677,2025-08-31,Srinagar,Jammu and Kashmir,0.025695823659233157,1,0.0031793112969369618,0.28063190304280994,0.008426343410451622,1.0,18.714656411370807,Critical
Taaka Chinese,19309.0,63,3.672631578947367,2025-08-25,Mumbai,Maharashtra,0.03642348106270247,7,0.00451842723129339,0.27981051238953913,0.004582748170596496,0.968421052631579,18.35091795066563,Critical
Cheapest Food Zone,540.0,3,4.220000000000001,2025-02-22,Imphal,Manipur,0.0010186275712807153,191,9.889725557054685e-05,0.6113722586140589,0.00014783058614827407,0.0,18.348080260367553,Critical
Naobas Chakhumang Restaurant,24446.0,103,3.666279069767442,2025-08-22,Imphal,Manipur,0.046113647421348825,10,0.005728034854783626,0.2759625574188216,0.007539359893561978,0.9526315789473684,18.185101104100916,Critical
Zaika Family Fast Food,20551.0,78,3.6341929875398433,2025-08-31,Patna,Bihar,0.038766324476648115,1,0.0048108805441948645,0.25652680437989517,0.005691477566708552,1.0,18.00206890449882,Critical
Aahar Kolkatta Biryani,2130.0,7,3.7599999999999993,2025-07-19,Kohima,Nagaland,0.004017919864496154,44,0.00047329400880190286,0.3327328680369148,0.0004434917584448222,0.7736842105263158,17.746629741891574,Critical
Dawat-E-Khas Sweets & Snacks,16069.0,71,3.614495912806539,2025-08-29,Imphal,Manipur,0.03031171563501817,3,0.0037555055454634566,0.2445955415541552,0.005174070515189593,0.9894736842105263,17.486304720852246,Critical
Munchies,43264.0,153,3.550316856780736,2025-08-31,Imphal,Manipur,0.08161093193312753,1,0.010159102843656367,0.20571986099144635,0.01123512454726883,1.0,16.80266243443502,Critical
Rice N Roti,840.0,6,3.564285714285714,2025-08-20,Ranchi,Jharkhand,0.0015845317775477791,12,0.00016953815240665175,0.21418132608328566,0.00036957646537068517,0.9421052631578948,15.8606654694812,Critical
Hot Stuff Fast Food,10166.0,73,3.5131313131313133,2025-08-30,Gangtok,Sikkim,0.019176607203036575,2,0.002365528165385033,0.18319517138110974,0.0053219011013378665,0.9947368421052631,15.644282711128083,Critical
Roll Corner,12793.0,88,3.493986636971047,2025-08-31,Gangtok,Sikkim,0.024132041702581833,1,0.0029841069520131916,0.17159851725481978,0.006430630497449922,1.0,15.39593240567412,Critical
Tiffin Story,12070.0,70,3.5333333333333323,2025-08-18,Bengaluru,Karnataka,0.02276821256547821,14,0.002813862390638179,0.19543229876701762,0.005100155222115456,0.9315789473684211,15.393316036762576,Critical
Rasoi Thali,10588.0,63,3.4763473053892207,2025-08-28,Raipur,Chhattisgarh,0.019972645786518913,4,0.0024648963602678206,0.16091370725014942,0.004582748170596496,0.9842105263157894,14.859767298485021,Critical
Truck Wala Dhaba,14524.0,73,3.4496202531645577,2025-08-30,Agartala,Tripura,0.02739730897274279,2,0.003391704926757517,0.14472412128535916,0.0053219011013378665,0.9947368421052631,14.531198278710466,Critical
Cafe 99,11735.0,78,3.4251576734407836,2025-08-30,Agartala,Tripura,0.02213628620181332,2,0.002734980055837862,0.12990621192410456,0.005691477566708552,0.9947368421052631,14.067783532343453,Critical
Momo Cafe,3520.0,14,3.4307692307692315,2025-08-23,Aizawl,Mizoram,0.006639942686866884,9,0.0008005968308091889,0.13330534434625108,0.0009608988099637814,0.9578947368421052,13.629349548240228,Critical
Food Lovers Restaurant,40130.0,193,3.3688782489740077,2025-08-31,Shillong,Meghalaya,0.07569911932499093,1,0.009421140941375191,0.09581563684702887,0.01419173627023431,1.0,13.53514946847056,Critical
Mom's Kitchen,4720.0,64,3.3723809523809525,2025-08-23,Lucknow,Uttar Pradesh,0.008903559511935142,9,0.0010831604181536086,0.09793735672242798,0.004656663463670633,0.9578947368421052,12.65352775609345,Critical
Dreams Cafe,13861.0,66,3.210698198198198,2025-08-31,Imphal,Manipur,0.026146660676892582,1,0.003235588544749725,0.0,0.004804494049818907,1.0,10.225513422786369,Critical
